word,frequency,year,term,source_pdf
people,36,2018,Yds_Sonbahar,2018_YDS3_Ingilizce.pdf
english,30,2018,Yds_Sonbahar,2018_YDS3_Ingilizce.pdf
go,27,2018,Yds_Sonbahar,2018_YDS3_Ingilizce.pdf
next,25,2018,Yds_Sonbahar,2018_YDS3_Ingilizce.pdf
passage,25,2018,Yds_Sonbahar,2018_YDS3_Ingilizce.pdf
page,24,2018,Yds_Sonbahar,2018_YDS3_Ingilizce.pdf
daydream,21,2018,Yds_Sonbahar,2018_YDS3_Ingilizce.pdf
many,21,2018,Yds_Sonbahar,2018_YDS3_Ingilizce.pdf
like,20,2018,Yds_Sonbahar,2018_YDS3_Ingilizce.pdf
also,19,2018,Yds_Sonbahar,2018_YDS3_Ingilizce.pdf
child,19,2018,Yds_Sonbahar,2018_YDS3_Ingilizce.pdf
mar,19,2018,Yds_Sonbahar,2018_YDS3_Ingilizce.pdf
one,18,2018,Yds_Sonbahar,2018_YDS3_Ingilizce.pdf
question,18,2018,Yds_Sonbahar,2018_YDS3_Ingilizce.pdf
make,17,2018,Yds_Sonbahar,2018_YDS3_Ingilizce.pdf
system,17,2018,Yds_Sonbahar,2018_YDS3_Ingilizce.pdf
time,17,2018,Yds_Sonbahar,2018_YDS3_Ingilizce.pdf
year,17,2018,Yds_Sonbahar,2018_YDS3_Ingilizce.pdf
animal,16,2018,Yds_Sonbahar,2018_YDS3_Ingilizce.pdf
life,16,2018,Yds_Sonbahar,2018_YDS3_Ingilizce.pdf
water,16,2018,Yds_Sonbahar,2018_YDS3_Ingilizce.pdf
although,15,2018,Yds_Sonbahar,2018_YDS3_Ingilizce.pdf
used,15,2018,Yds_Sonbahar,2018_YDS3_Ingilizce.pdf
around,14,2018,Yds_Sonbahar,2018_YDS3_Ingilizce.pdf
problem,14,2018,Yds_Sonbahar,2018_YDS3_Ingilizce.pdf
living,13,2018,Yds_Sonbahar,2018_YDS3_Ingilizce.pdf
may,13,2018,Yds_Sonbahar,2018_YDS3_Ingilizce.pdf
ability,12,2018,Yds_Sonbahar,2018_YDS3_Ingilizce.pdf
area,12,2018,Yds_Sonbahar,2018_YDS3_Ingilizce.pdf
daydreaming,12,2018,Yds_Sonbahar,2018_YDS3_Ingilizce.pdf
even,12,2018,Yds_Sonbahar,2018_YDS3_Ingilizce.pdf
long,12,2018,Yds_Sonbahar,2018_YDS3_Ingilizce.pdf
well,12,2018,Yds_Sonbahar,2018_YDS3_Ingilizce.pdf
choose,11,2018,Yds_Sonbahar,2018_YDS3_Ingilizce.pdf
image,11,2018,Yds_Sonbahar,2018_YDS3_Ingilizce.pdf
use,11,2018,Yds_Sonbahar,2018_YDS3_Ingilizce.pdf
best,10,2018,Yds_Sonbahar,2018_YDS3_Ingilizce.pdf
body,10,2018,Yds_Sonbahar,2018_YDS3_Ingilizce.pdf
called,10,2018,Yds_Sonbahar,2018_YDS3_Ingilizce.pdf
condition,10,2018,Yds_Sonbahar,2018_YDS3_Ingilizce.pdf
food,10,2018,Yds_Sonbahar,2018_YDS3_Ingilizce.pdf
however,10,2018,Yds_Sonbahar,2018_YDS3_Ingilizce.pdf
human,10,2018,Yds_Sonbahar,2018_YDS3_Ingilizce.pdf
less,10,2018,Yds_Sonbahar,2018_YDS3_Ingilizce.pdf
need,10,2018,Yds_Sonbahar,2018_YDS3_Ingilizce.pdf
place,10,2018,Yds_Sonbahar,2018_YDS3_Ingilizce.pdf
world,10,2018,Yds_Sonbahar,2018_YDS3_Ingilizce.pdf
according,9,2018,Yds_Sonbahar,2018_YDS3_Ingilizce.pdf
age,9,2018,Yds_Sonbahar,2018_YDS3_Ingilizce.pdf
compound,9,2018,Yds_Sonbahar,2018_YDS3_Ingilizce.pdf
earth,9,2018,Yds_Sonbahar,2018_YDS3_Ingilizce.pdf
form,9,2018,Yds_Sonbahar,2018_YDS3_Ingilizce.pdf
important,9,2018,Yds_Sonbahar,2018_YDS3_Ingilizce.pdf
island,9,2018,Yds_Sonbahar,2018_YDS3_Ingilizce.pdf
modern,9,2018,Yds_Sonbahar,2018_YDS3_Ingilizce.pdf
plant,9,2018,Yds_Sonbahar,2018_YDS3_Ingilizce.pdf
pressure,9,2018,Yds_Sonbahar,2018_YDS3_Ingilizce.pdf
social,9,2018,Yds_Sonbahar,2018_YDS3_Ingilizce.pdf
think,9,2018,Yds_Sonbahar,2018_YDS3_Ingilizce.pdf
adult,8,2018,Yds_Sonbahar,2018_YDS3_Ingilizce.pdf
become,8,2018,Yds_Sonbahar,2018_YDS3_Ingilizce.pdf
bottom,8,2018,Yds_Sonbahar,2018_YDS3_Ingilizce.pdf
disease,8,2018,Yds_Sonbahar,2018_YDS3_Ingilizce.pdf
environment,8,2018,Yds_Sonbahar,2018_YDS3_Ingilizce.pdf
first,8,2018,Yds_Sonbahar,2018_YDS3_Ingilizce.pdf
health,8,2018,Yds_Sonbahar,2018_YDS3_Ingilizce.pdf
language,8,2018,Yds_Sonbahar,2018_YDS3_Ingilizce.pdf
much,8,2018,Yds_Sonbahar,2018_YDS3_Ingilizce.pdf
music,8,2018,Yds_Sonbahar,2018_YDS3_Ingilizce.pdf
obesity,8,2018,Yds_Sonbahar,2018_YDS3_Ingilizce.pdf
river,8,2018,Yds_Sonbahar,2018_YDS3_Ingilizce.pdf
satellite,8,2018,Yds_Sonbahar,2018_YDS3_Ingilizce.pdf
sun,8,2018,Yds_Sonbahar,2018_YDS3_Ingilizce.pdf
surface,8,2018,Yds_Sonbahar,2018_YDS3_Ingilizce.pdf
top,8,2018,Yds_Sonbahar,2018_YDS3_Ingilizce.pdf
tribe,8,2018,Yds_Sonbahar,2018_YDS3_Ingilizce.pdf
word,8,2018,Yds_Sonbahar,2018_YDS3_Ingilizce.pdf
work,8,2018,Yds_Sonbahar,2018_YDS3_Ingilizce.pdf
answer,7,2018,Yds_Sonbahar,2018_YDS3_Ingilizce.pdf
blood,7,2018,Yds_Sonbahar,2018_YDS3_Ingilizce.pdf
characteristic,7,2018,Yds_Sonbahar,2018_YDS3_Ingilizce.pdf
day,7,2018,Yds_Sonbahar,2018_YDS3_Ingilizce.pdf
early,7,2018,Yds_Sonbahar,2018_YDS3_Ingilizce.pdf
economic,7,2018,Yds_Sonbahar,2018_YDS3_Ingilizce.pdf
effect,7,2018,Yds_Sonbahar,2018_YDS3_Ingilizce.pdf
egyptian,7,2018,Yds_Sonbahar,2018_YDS3_Ingilizce.pdf
enough,7,2018,Yds_Sonbahar,2018_YDS3_Ingilizce.pdf
formed,7,2018,Yds_Sonbahar,2018_YDS3_Ingilizce.pdf
found,7,2018,Yds_Sonbahar,2018_YDS3_Ingilizce.pdf
future,7,2018,Yds_Sonbahar,2018_YDS3_Ingilizce.pdf
group,7,2018,Yds_Sonbahar,2018_YDS3_Ingilizce.pdf
hunting,7,2018,Yds_Sonbahar,2018_YDS3_Ingilizce.pdf
keep,7,2018,Yds_Sonbahar,2018_YDS3_Ingilizce.pdf
know,7,2018,Yds_Sonbahar,2018_YDS3_Ingilizce.pdf
level,7,2018,Yds_Sonbahar,2018_YDS3_Ingilizce.pdf
mean,7,2018,Yds_Sonbahar,2018_YDS3_Ingilizce.pdf
might,7,2018,Yds_Sonbahar,2018_YDS3_Ingilizce.pdf
point,7,2018,Yds_Sonbahar,2018_YDS3_Ingilizce.pdf
power,7,2018,Yds_Sonbahar,2018_YDS3_Ingilizce.pdf
really,7,2018,Yds_Sonbahar,2018_YDS3_Ingilizce.pdf
result,7,2018,Yds_Sonbahar,2018_YDS3_Ingilizce.pdf
set,7,2018,Yds_Sonbahar,2018_YDS3_Ingilizce.pdf
skill,7,2018,Yds_Sonbahar,2018_YDS3_Ingilizce.pdf
still,7,2018,Yds_Sonbahar,2018_YDS3_Ingilizce.pdf
television,7,2018,Yds_Sonbahar,2018_YDS3_Ingilizce.pdf
thing,7,2018,Yds_Sonbahar,2018_YDS3_Ingilizce.pdf
whole,7,2018,Yds_Sonbahar,2018_YDS3_Ingilizce.pdf
would,7,2018,Yds_Sonbahar,2018_YDS3_Ingilizce.pdf
agent,6,2018,Yds_Sonbahar,2018_YDS3_Ingilizce.pdf
almost,6,2018,Yds_Sonbahar,2018_YDS3_Ingilizce.pdf
amazon,6,2018,Yds_Sonbahar,2018_YDS3_Ingilizce.pdf
antenna,6,2018,Yds_Sonbahar,2018_YDS3_Ingilizce.pdf
army,6,2018,Yds_Sonbahar,2018_YDS3_Ingilizce.pdf
aromatherapy,6,2018,Yds_Sonbahar,2018_YDS3_Ingilizce.pdf
book,6,2018,Yds_Sonbahar,2018_YDS3_Ingilizce.pdf
botanical,6,2018,Yds_Sonbahar,2018_YDS3_Ingilizce.pdf
brazil,6,2018,Yds_Sonbahar,2018_YDS3_Ingilizce.pdf
case,6,2018,Yds_Sonbahar,2018_YDS3_Ingilizce.pdf
century,6,2018,Yds_Sonbahar,2018_YDS3_Ingilizce.pdf
change,6,2018,Yds_Sonbahar,2018_YDS3_Ingilizce.pdf
clothing,6,2018,Yds_Sonbahar,2018_YDS3_Ingilizce.pdf
cohesion,6,2018,Yds_Sonbahar,2018_YDS3_Ingilizce.pdf
community,6,2018,Yds_Sonbahar,2018_YDS3_Ingilizce.pdf
daily,6,2018,Yds_Sonbahar,2018_YDS3_Ingilizce.pdf
decision,6,2018,Yds_Sonbahar,2018_YDS3_Ingilizce.pdf
device,6,2018,Yds_Sonbahar,2018_YDS3_Ingilizce.pdf
focus,6,2018,Yds_Sonbahar,2018_YDS3_Ingilizce.pdf
great,6,2018,Yds_Sonbahar,2018_YDS3_Ingilizce.pdf
harmful,6,2018,Yds_Sonbahar,2018_YDS3_Ingilizce.pdf
known,6,2018,Yds_Sonbahar,2018_YDS3_Ingilizce.pdf
leadership,6,2018,Yds_Sonbahar,2018_YDS3_Ingilizce.pdf
leaving,6,2018,Yds_Sonbahar,2018_YDS3_Ingilizce.pdf
local,6,2018,Yds_Sonbahar,2018_YDS3_Ingilizce.pdf
new,6,2018,Yds_Sonbahar,2018_YDS3_Ingilizce.pdf
number,6,2018,Yds_Sonbahar,2018_YDS3_Ingilizce.pdf
ocean,6,2018,Yds_Sonbahar,2018_YDS3_Ingilizce.pdf
ordinary,6,2018,Yds_Sonbahar,2018_YDS3_Ingilizce.pdf
parkinson,6,2018,Yds_Sonbahar,2018_YDS3_Ingilizce.pdf
parrot,6,2018,Yds_Sonbahar,2018_YDS3_Ingilizce.pdf
pattern,6,2018,Yds_Sonbahar,2018_YDS3_Ingilizce.pdf
personality,6,2018,Yds_Sonbahar,2018_YDS3_Ingilizce.pdf
plastic,6,2018,Yds_Sonbahar,2018_YDS3_Ingilizce.pdf
possible,6,2018,Yds_Sonbahar,2018_YDS3_Ingilizce.pdf
production,6,2018,Yds_Sonbahar,2018_YDS3_Ingilizce.pdf
quality,6,2018,Yds_Sonbahar,2018_YDS3_Ingilizce.pdf
researcher,6,2018,Yds_Sonbahar,2018_YDS3_Ingilizce.pdf
risk,6,2018,Yds_Sonbahar,2018_YDS3_Ingilizce.pdf
scientist,6,2018,Yds_Sonbahar,2018_YDS3_Ingilizce.pdf
space,6,2018,Yds_Sonbahar,2018_YDS3_Ingilizce.pdf
span,6,2018,Yds_Sonbahar,2018_YDS3_Ingilizce.pdf
spectrum,6,2018,Yds_Sonbahar,2018_YDS3_Ingilizce.pdf
standard,6,2018,Yds_Sonbahar,2018_YDS3_Ingilizce.pdf
story,6,2018,Yds_Sonbahar,2018_YDS3_Ingilizce.pdf
studied,6,2018,Yds_Sonbahar,2018_YDS3_Ingilizce.pdf
teacher,6,2018,Yds_Sonbahar,2018_YDS3_Ingilizce.pdf
tend,6,2018,Yds_Sonbahar,2018_YDS3_Ingilizce.pdf
though,6,2018,Yds_Sonbahar,2018_YDS3_Ingilizce.pdf
try,6,2018,Yds_Sonbahar,2018_YDS3_Ingilizce.pdf
trying,6,2018,Yds_Sonbahar,2018_YDS3_Ingilizce.pdf
war,6,2018,Yds_Sonbahar,2018_YDS3_Ingilizce.pdf
wealth,6,2018,Yds_Sonbahar,2018_YDS3_Ingilizce.pdf
western,6,2018,Yds_Sonbahar,2018_YDS3_Ingilizce.pdf
wrote,6,2018,Yds_Sonbahar,2018_YDS3_Ingilizce.pdf
albatross,5,2018,Yds_Sonbahar,2018_YDS3_Ingilizce.pdf
ancient,5,2018,Yds_Sonbahar,2018_YDS3_Ingilizce.pdf
aromatic,5,2018,Yds_Sonbahar,2018_YDS3_Ingilizce.pdf
bacteria,5,2018,Yds_Sonbahar,2018_YDS3_Ingilizce.pdf
boiling,5,2018,Yds_Sonbahar,2018_YDS3_Ingilizce.pdf
boost,5,2018,Yds_Sonbahar,2018_YDS3_Ingilizce.pdf
cell,5,2018,Yds_Sonbahar,2018_YDS3_Ingilizce.pdf
cold,5,2018,Yds_Sonbahar,2018_YDS3_Ingilizce.pdf
come,5,2018,Yds_Sonbahar,2018_YDS3_Ingilizce.pdf
concentration,5,2018,Yds_Sonbahar,2018_YDS3_Ingilizce.pdf
consists,5,2018,Yds_Sonbahar,2018_YDS3_Ingilizce.pdf
culture,5,2018,Yds_Sonbahar,2018_YDS3_Ingilizce.pdf
danger,5,2018,Yds_Sonbahar,2018_YDS3_Ingilizce.pdf
despite,5,2018,Yds_Sonbahar,2018_YDS3_Ingilizce.pdf
detailed,5,2018,Yds_Sonbahar,2018_YDS3_Ingilizce.pdf
disorder,5,2018,Yds_Sonbahar,2018_YDS3_Ingilizce.pdf
dramatic,5,2018,Yds_Sonbahar,2018_YDS3_Ingilizce.pdf
due,5,2018,Yds_Sonbahar,2018_YDS3_Ingilizce.pdf
far,5,2018,Yds_Sonbahar,2018_YDS3_Ingilizce.pdf
fewer,5,2018,Yds_Sonbahar,2018_YDS3_Ingilizce.pdf
greek,5,2018,Yds_Sonbahar,2018_YDS3_Ingilizce.pdf
healthy,5,2018,Yds_Sonbahar,2018_YDS3_Ingilizce.pdf
history,5,2018,Yds_Sonbahar,2018_YDS3_Ingilizce.pdf
home,5,2018,Yds_Sonbahar,2018_YDS3_Ingilizce.pdf
ice,5,2018,Yds_Sonbahar,2018_YDS3_Ingilizce.pdf
immune,5,2018,Yds_Sonbahar,2018_YDS3_Ingilizce.pdf
induced,5,2018,Yds_Sonbahar,2018_YDS3_Ingilizce.pdf
invading,5,2018,Yds_Sonbahar,2018_YDS3_Ingilizce.pdf
left,5,2018,Yds_Sonbahar,2018_YDS3_Ingilizce.pdf
looking,5,2018,Yds_Sonbahar,2018_YDS3_Ingilizce.pdf
making,5,2018,Yds_Sonbahar,2018_YDS3_Ingilizce.pdf
medicinal,5,2018,Yds_Sonbahar,2018_YDS3_Ingilizce.pdf
medicine,5,2018,Yds_Sonbahar,2018_YDS3_Ingilizce.pdf
mental,5,2018,Yds_Sonbahar,2018_YDS3_Ingilizce.pdf
muscle,5,2018,Yds_Sonbahar,2018_YDS3_Ingilizce.pdf
natural,5,2018,Yds_Sonbahar,2018_YDS3_Ingilizce.pdf
noise,5,2018,Yds_Sonbahar,2018_YDS3_Ingilizce.pdf
normal,5,2018,Yds_Sonbahar,2018_YDS3_Ingilizce.pdf
novel,5,2018,Yds_Sonbahar,2018_YDS3_Ingilizce.pdf
parasite,5,2018,Yds_Sonbahar,2018_YDS3_Ingilizce.pdf
patrol,5,2018,Yds_Sonbahar,2018_YDS3_Ingilizce.pdf
person,5,2018,Yds_Sonbahar,2018_YDS3_Ingilizce.pdf
philosophy,5,2018,Yds_Sonbahar,2018_YDS3_Ingilizce.pdf
planet,5,2018,Yds_Sonbahar,2018_YDS3_Ingilizce.pdf
prey,5,2018,Yds_Sonbahar,2018_YDS3_Ingilizce.pdf
product,5,2018,Yds_Sonbahar,2018_YDS3_Ingilizce.pdf
public,5,2018,Yds_Sonbahar,2018_YDS3_Ingilizce.pdf
rather,5,2018,Yds_Sonbahar,2018_YDS3_Ingilizce.pdf
sand,5,2018,Yds_Sonbahar,2018_YDS3_Ingilizce.pdf
scene,5,2018,Yds_Sonbahar,2018_YDS3_Ingilizce.pdf
sentence,5,2018,Yds_Sonbahar,2018_YDS3_Ingilizce.pdf
short,5,2018,Yds_Sonbahar,2018_YDS3_Ingilizce.pdf
since,5,2018,Yds_Sonbahar,2018_YDS3_Ingilizce.pdf
solve,5,2018,Yds_Sonbahar,2018_YDS3_Ingilizce.pdf
son,5,2018,Yds_Sonbahar,2018_YDS3_Ingilizce.pdf
strengthened,5,2018,Yds_Sonbahar,2018_YDS3_Ingilizce.pdf
stress,5,2018,Yds_Sonbahar,2018_YDS3_Ingilizce.pdf
study,5,2018,Yds_Sonbahar,2018_YDS3_Ingilizce.pdf
summary,5,2018,Yds_Sonbahar,2018_YDS3_Ingilizce.pdf
take,5,2018,Yds_Sonbahar,2018_YDS3_Ingilizce.pdf
technological,5,2018,Yds_Sonbahar,2018_YDS3_Ingilizce.pdf
test,5,2018,Yds_Sonbahar,2018_YDS3_Ingilizce.pdf
toxin,5,2018,Yds_Sonbahar,2018_YDS3_Ingilizce.pdf
trouble,5,2018,Yds_Sonbahar,2018_YDS3_Ingilizce.pdf
turning,5,2018,Yds_Sonbahar,2018_YDS3_Ingilizce.pdf
usually,5,2018,Yds_Sonbahar,2018_YDS3_Ingilizce.pdf
value,5,2018,Yds_Sonbahar,2018_YDS3_Ingilizce.pdf
view,5,2018,Yds_Sonbahar,2018_YDS3_Ingilizce.pdf
virus,5,2018,Yds_Sonbahar,2018_YDS3_Ingilizce.pdf
volcanic,5,2018,Yds_Sonbahar,2018_YDS3_Ingilizce.pdf
way,5,2018,Yds_Sonbahar,2018_YDS3_Ingilizce.pdf
whether,5,2018,Yds_Sonbahar,2018_YDS3_Ingilizce.pdf
white,5,2018,Yds_Sonbahar,2018_YDS3_Ingilizce.pdf
workout,5,2018,Yds_Sonbahar,2018_YDS3_Ingilizce.pdf
accurate,4,2018,Yds_Sonbahar,2018_YDS3_Ingilizce.pdf
america,4,2018,Yds_Sonbahar,2018_YDS3_Ingilizce.pdf
amount,4,2018,Yds_Sonbahar,2018_YDS3_Ingilizce.pdf
athenian,4,2018,Yds_Sonbahar,2018_YDS3_Ingilizce.pdf
away,4,2018,Yds_Sonbahar,2018_YDS3_Ingilizce.pdf
becomes,4,2018,Yds_Sonbahar,2018_YDS3_Ingilizce.pdf
beginning,4,2018,Yds_Sonbahar,2018_YDS3_Ingilizce.pdf
benefit,4,2018,Yds_Sonbahar,2018_YDS3_Ingilizce.pdf
bottle,4,2018,Yds_Sonbahar,2018_YDS3_Ingilizce.pdf
bunny,4,2018,Yds_Sonbahar,2018_YDS3_Ingilizce.pdf
cable,4,2018,Yds_Sonbahar,2018_YDS3_Ingilizce.pdf
cannot,4,2018,Yds_Sonbahar,2018_YDS3_Ingilizce.pdf
ceramic,4,2018,Yds_Sonbahar,2018_YDS3_Ingilizce.pdf
charisma,4,2018,Yds_Sonbahar,2018_YDS3_Ingilizce.pdf
complex,4,2018,Yds_Sonbahar,2018_YDS3_Ingilizce.pdf
composer,4,2018,Yds_Sonbahar,2018_YDS3_Ingilizce.pdf
could,4,2018,Yds_Sonbahar,2018_YDS3_Ingilizce.pdf
create,4,2018,Yds_Sonbahar,2018_YDS3_Ingilizce.pdf
decent,4,2018,Yds_Sonbahar,2018_YDS3_Ingilizce.pdf
deep,4,2018,Yds_Sonbahar,2018_YDS3_Ingilizce.pdf
deforestation,4,2018,Yds_Sonbahar,2018_YDS3_Ingilizce.pdf
destroy,4,2018,Yds_Sonbahar,2018_YDS3_Ingilizce.pdf
developed,4,2018,Yds_Sonbahar,2018_YDS3_Ingilizce.pdf
emerged,4,2018,Yds_Sonbahar,2018_YDS3_Ingilizce.pdf
especially,4,2018,Yds_Sonbahar,2018_YDS3_Ingilizce.pdf
example,4,2018,Yds_Sonbahar,2018_YDS3_Ingilizce.pdf
experience,4,2018,Yds_Sonbahar,2018_YDS3_Ingilizce.pdf
expression,4,2018,Yds_Sonbahar,2018_YDS3_Ingilizce.pdf
faced,4,2018,Yds_Sonbahar,2018_YDS3_Ingilizce.pdf
fact,4,2018,Yds_Sonbahar,2018_YDS3_Ingilizce.pdf
fear,4,2018,Yds_Sonbahar,2018_YDS3_Ingilizce.pdf
fill,4,2018,Yds_Sonbahar,2018_YDS3_Ingilizce.pdf
following,4,2018,Yds_Sonbahar,2018_YDS3_Ingilizce.pdf
generally,4,2018,Yds_Sonbahar,2018_YDS3_Ingilizce.pdf
habitat,4,2018,Yds_Sonbahar,2018_YDS3_Ingilizce.pdf
help,4,2018,Yds_Sonbahar,2018_YDS3_Ingilizce.pdf
herb,4,2018,Yds_Sonbahar,2018_YDS3_Ingilizce.pdf
hunter,4,2018,Yds_Sonbahar,2018_YDS3_Ingilizce.pdf
increase,4,2018,Yds_Sonbahar,2018_YDS3_Ingilizce.pdf
increased,4,2018,Yds_Sonbahar,2018_YDS3_Ingilizce.pdf
industry,4,2018,Yds_Sonbahar,2018_YDS3_Ingilizce.pdf
instead,4,2018,Yds_Sonbahar,2018_YDS3_Ingilizce.pdf
kit,4,2018,Yds_Sonbahar,2018_YDS3_Ingilizce.pdf
knowledge,4,2018,Yds_Sonbahar,2018_YDS3_Ingilizce.pdf
lasted,4,2018,Yds_Sonbahar,2018_YDS3_Ingilizce.pdf
likely,4,2018,Yds_Sonbahar,2018_YDS3_Ingilizce.pdf
live,4,2018,Yds_Sonbahar,2018_YDS3_Ingilizce.pdf
low,4,2018,Yds_Sonbahar,2018_YDS3_Ingilizce.pdf
lunch,4,2018,Yds_Sonbahar,2018_YDS3_Ingilizce.pdf
made,4,2018,Yds_Sonbahar,2018_YDS3_Ingilizce.pdf
method,4,2018,Yds_Sonbahar,2018_YDS3_Ingilizce.pdf
million,4,2018,Yds_Sonbahar,2018_YDS3_Ingilizce.pdf
minimal,4,2018,Yds_Sonbahar,2018_YDS3_Ingilizce.pdf
must,4,2018,Yds_Sonbahar,2018_YDS3_Ingilizce.pdf
often,4,2018,Yds_Sonbahar,2018_YDS3_Ingilizce.pdf
older,4,2018,Yds_Sonbahar,2018_YDS3_Ingilizce.pdf
opinion,4,2018,Yds_Sonbahar,2018_YDS3_Ingilizce.pdf
park,4,2018,Yds_Sonbahar,2018_YDS3_Ingilizce.pdf
physical,4,2018,Yds_Sonbahar,2018_YDS3_Ingilizce.pdf
physician,4,2018,Yds_Sonbahar,2018_YDS3_Ingilizce.pdf
population,4,2018,Yds_Sonbahar,2018_YDS3_Ingilizce.pdf
powerful,4,2018,Yds_Sonbahar,2018_YDS3_Ingilizce.pdf
preserved,4,2018,Yds_Sonbahar,2018_YDS3_Ingilizce.pdf
process,4,2018,Yds_Sonbahar,2018_YDS3_Ingilizce.pdf
psychologist,4,2018,Yds_Sonbahar,2018_YDS3_Ingilizce.pdf
relatively,4,2018,Yds_Sonbahar,2018_YDS3_Ingilizce.pdf
religious,4,2018,Yds_Sonbahar,2018_YDS3_Ingilizce.pdf
russian,4,2018,Yds_Sonbahar,2018_YDS3_Ingilizce.pdf
scientific,4,2018,Yds_Sonbahar,2018_YDS3_Ingilizce.pdf
show,4,2018,Yds_Sonbahar,2018_YDS3_Ingilizce.pdf
situation,4,2018,Yds_Sonbahar,2018_YDS3_Ingilizce.pdf
south,4,2018,Yds_Sonbahar,2018_YDS3_Ingilizce.pdf
specie,4,2018,Yds_Sonbahar,2018_YDS3_Ingilizce.pdf
state,4,2018,Yds_Sonbahar,2018_YDS3_Ingilizce.pdf
stated,4,2018,Yds_Sonbahar,2018_YDS3_Ingilizce.pdf
successful,4,2018,Yds_Sonbahar,2018_YDS3_Ingilizce.pdf
summer,4,2018,Yds_Sonbahar,2018_YDS3_Ingilizce.pdf
support,4,2018,Yds_Sonbahar,2018_YDS3_Ingilizce.pdf
survive,4,2018,Yds_Sonbahar,2018_YDS3_Ingilizce.pdf
taken,4,2018,Yds_Sonbahar,2018_YDS3_Ingilizce.pdf
textbook,4,2018,Yds_Sonbahar,2018_YDS3_Ingilizce.pdf
thanks,4,2018,Yds_Sonbahar,2018_YDS3_Ingilizce.pdf
therefore,4,2018,Yds_Sonbahar,2018_YDS3_Ingilizce.pdf
thought,4,2018,Yds_Sonbahar,2018_YDS3_Ingilizce.pdf
thousand,4,2018,Yds_Sonbahar,2018_YDS3_Ingilizce.pdf
tool,4,2018,Yds_Sonbahar,2018_YDS3_Ingilizce.pdf
tourist,4,2018,Yds_Sonbahar,2018_YDS3_Ingilizce.pdf
traditional,4,2018,Yds_Sonbahar,2018_YDS3_Ingilizce.pdf
treatment,4,2018,Yds_Sonbahar,2018_YDS3_Ingilizce.pdf
unique,4,2018,Yds_Sonbahar,2018_YDS3_Ingilizce.pdf
unless,4,2018,Yds_Sonbahar,2018_YDS3_Ingilizce.pdf
vegetarianism,4,2018,Yds_Sonbahar,2018_YDS3_Ingilizce.pdf
walk,4,2018,Yds_Sonbahar,2018_YDS3_Ingilizce.pdf
wanted,4,2018,Yds_Sonbahar,2018_YDS3_Ingilizce.pdf
wildlife,4,2018,Yds_Sonbahar,2018_YDS3_Ingilizce.pdf
worry,4,2018,Yds_Sonbahar,2018_YDS3_Ingilizce.pdf
yet,4,2018,Yds_Sonbahar,2018_YDS3_Ingilizce.pdf
action,3,2018,Yds_Sonbahar,2018_YDS3_Ingilizce.pdf
activity,3,2018,Yds_Sonbahar,2018_YDS3_Ingilizce.pdf
adulthood,3,2018,Yds_Sonbahar,2018_YDS3_Ingilizce.pdf
along,3,2018,Yds_Sonbahar,2018_YDS3_Ingilizce.pdf
always,3,2018,Yds_Sonbahar,2018_YDS3_Ingilizce.pdf
american,3,2018,Yds_Sonbahar,2018_YDS3_Ingilizce.pdf
anxiety,3,2018,Yds_Sonbahar,2018_YDS3_Ingilizce.pdf
atmospheric,3,2018,Yds_Sonbahar,2018_YDS3_Ingilizce.pdf
autonomy,3,2018,Yds_Sonbahar,2018_YDS3_Ingilizce.pdf
available,3,2018,Yds_Sonbahar,2018_YDS3_Ingilizce.pdf
avoid,3,2018,Yds_Sonbahar,2018_YDS3_Ingilizce.pdf
back,3,2018,Yds_Sonbahar,2018_YDS3_Ingilizce.pdf
based,3,2018,Yds_Sonbahar,2018_YDS3_Ingilizce.pdf
began,3,2018,Yds_Sonbahar,2018_YDS3_Ingilizce.pdf
begin,3,2018,Yds_Sonbahar,2018_YDS3_Ingilizce.pdf
boil,3,2018,Yds_Sonbahar,2018_YDS3_Ingilizce.pdf
brought,3,2018,Yds_Sonbahar,2018_YDS3_Ingilizce.pdf
bubble,3,2018,Yds_Sonbahar,2018_YDS3_Ingilizce.pdf
came,3,2018,Yds_Sonbahar,2018_YDS3_Ingilizce.pdf
care,3,2018,Yds_Sonbahar,2018_YDS3_Ingilizce.pdf
career,3,2018,Yds_Sonbahar,2018_YDS3_Ingilizce.pdf
chinese,3,2018,Yds_Sonbahar,2018_YDS3_Ingilizce.pdf
coach,3,2018,Yds_Sonbahar,2018_YDS3_Ingilizce.pdf
communication,3,2018,Yds_Sonbahar,2018_YDS3_Ingilizce.pdf
complete,3,2018,Yds_Sonbahar,2018_YDS3_Ingilizce.pdf
cover,3,2018,Yds_Sonbahar,2018_YDS3_Ingilizce.pdf
cravat,3,2018,Yds_Sonbahar,2018_YDS3_Ingilizce.pdf
created,3,2018,Yds_Sonbahar,2018_YDS3_Ingilizce.pdf
creature,3,2018,Yds_Sonbahar,2018_YDS3_Ingilizce.pdf
customer,3,2018,Yds_Sonbahar,2018_YDS3_Ingilizce.pdf
daydreamer,3,2018,Yds_Sonbahar,2018_YDS3_Ingilizce.pdf
dependency,3,2018,Yds_Sonbahar,2018_YDS3_Ingilizce.pdf
depression,3,2018,Yds_Sonbahar,2018_YDS3_Ingilizce.pdf
described,3,2018,Yds_Sonbahar,2018_YDS3_Ingilizce.pdf
diabetes,3,2018,Yds_Sonbahar,2018_YDS3_Ingilizce.pdf
drink,3,2018,Yds_Sonbahar,2018_YDS3_Ingilizce.pdf
east,3,2018,Yds_Sonbahar,2018_YDS3_Ingilizce.pdf
end,3,2018,Yds_Sonbahar,2018_YDS3_Ingilizce.pdf
every,3,2018,Yds_Sonbahar,2018_YDS3_Ingilizce.pdf
exceptional,3,2018,Yds_Sonbahar,2018_YDS3_Ingilizce.pdf
experiment,3,2018,Yds_Sonbahar,2018_YDS3_Ingilizce.pdf
external,3,2018,Yds_Sonbahar,2018_YDS3_Ingilizce.pdf
fashion,3,2018,Yds_Sonbahar,2018_YDS3_Ingilizce.pdf
feel,3,2018,Yds_Sonbahar,2018_YDS3_Ingilizce.pdf
fertile,3,2018,Yds_Sonbahar,2018_YDS3_Ingilizce.pdf
five,3,2018,Yds_Sonbahar,2018_YDS3_Ingilizce.pdf
focused,3,2018,Yds_Sonbahar,2018_YDS3_Ingilizce.pdf
get,3,2018,Yds_Sonbahar,2018_YDS3_Ingilizce.pdf
given,3,2018,Yds_Sonbahar,2018_YDS3_Ingilizce.pdf
goal,3,2018,Yds_Sonbahar,2018_YDS3_Ingilizce.pdf
greatest,3,2018,Yds_Sonbahar,2018_YDS3_Ingilizce.pdf
growing,3,2018,Yds_Sonbahar,2018_YDS3_Ingilizce.pdf
growth,3,2018,Yds_Sonbahar,2018_YDS3_Ingilizce.pdf
hieroglyph,3,2018,Yds_Sonbahar,2018_YDS3_Ingilizce.pdf
high,3,2018,Yds_Sonbahar,2018_YDS3_Ingilizce.pdf
highest,3,2018,Yds_Sonbahar,2018_YDS3_Ingilizce.pdf
historian,3,2018,Yds_Sonbahar,2018_YDS3_Ingilizce.pdf
impact,3,2018,Yds_Sonbahar,2018_YDS3_Ingilizce.pdf
including,3,2018,Yds_Sonbahar,2018_YDS3_Ingilizce.pdf
individual,3,2018,Yds_Sonbahar,2018_YDS3_Ingilizce.pdf
jane,3,2018,Yds_Sonbahar,2018_YDS3_Ingilizce.pdf
john,3,2018,Yds_Sonbahar,2018_YDS3_Ingilizce.pdf
large,3,2018,Yds_Sonbahar,2018_YDS3_Ingilizce.pdf
lead,3,2018,Yds_Sonbahar,2018_YDS3_Ingilizce.pdf
led,3,2018,Yds_Sonbahar,2018_YDS3_Ingilizce.pdf
lifestyle,3,2018,Yds_Sonbahar,2018_YDS3_Ingilizce.pdf
lived,3,2018,Yds_Sonbahar,2018_YDS3_Ingilizce.pdf
longer,3,2018,Yds_Sonbahar,2018_YDS3_Ingilizce.pdf
look,3,2018,Yds_Sonbahar,2018_YDS3_Ingilizce.pdf
manufacturer,3,2018,Yds_Sonbahar,2018_YDS3_Ingilizce.pdf
material,3,2018,Yds_Sonbahar,2018_YDS3_Ingilizce.pdf
monument,3,2018,Yds_Sonbahar,2018_YDS3_Ingilizce.pdf
mostly,3,2018,Yds_Sonbahar,2018_YDS3_Ingilizce.pdf
near,3,2018,Yds_Sonbahar,2018_YDS3_Ingilizce.pdf
negative,3,2018,Yds_Sonbahar,2018_YDS3_Ingilizce.pdf
neutralise,3,2018,Yds_Sonbahar,2018_YDS3_Ingilizce.pdf
option,3,2018,Yds_Sonbahar,2018_YDS3_Ingilizce.pdf
order,3,2018,Yds_Sonbahar,2018_YDS3_Ingilizce.pdf
organism,3,2018,Yds_Sonbahar,2018_YDS3_Ingilizce.pdf
part,3,2018,Yds_Sonbahar,2018_YDS3_Ingilizce.pdf
past,3,2018,Yds_Sonbahar,2018_YDS3_Ingilizce.pdf
period,3,2018,Yds_Sonbahar,2018_YDS3_Ingilizce.pdf
positive,3,2018,Yds_Sonbahar,2018_YDS3_Ingilizce.pdf
possessed,3,2018,Yds_Sonbahar,2018_YDS3_Ingilizce.pdf
produced,3,2018,Yds_Sonbahar,2018_YDS3_Ingilizce.pdf
prominent,3,2018,Yds_Sonbahar,2018_YDS3_Ingilizce.pdf
protect,3,2018,Yds_Sonbahar,2018_YDS3_Ingilizce.pdf
provided,3,2018,Yds_Sonbahar,2018_YDS3_Ingilizce.pdf
psychological,3,2018,Yds_Sonbahar,2018_YDS3_Ingilizce.pdf
rarely,3,2018,Yds_Sonbahar,2018_YDS3_Ingilizce.pdf
reality,3,2018,Yds_Sonbahar,2018_YDS3_Ingilizce.pdf
rebecca,3,2018,Yds_Sonbahar,2018_YDS3_Ingilizce.pdf
recent,3,2018,Yds_Sonbahar,2018_YDS3_Ingilizce.pdf
remain,3,2018,Yds_Sonbahar,2018_YDS3_Ingilizce.pdf
research,3,2018,Yds_Sonbahar,2018_YDS3_Ingilizce.pdf
rock,3,2018,Yds_Sonbahar,2018_YDS3_Ingilizce.pdf
roman,3,2018,Yds_Sonbahar,2018_YDS3_Ingilizce.pdf
seems,3,2018,Yds_Sonbahar,2018_YDS3_Ingilizce.pdf
seen,3,2018,Yds_Sonbahar,2018_YDS3_Ingilizce.pdf
sensory,3,2018,Yds_Sonbahar,2018_YDS3_Ingilizce.pdf
several,3,2018,Yds_Sonbahar,2018_YDS3_Ingilizce.pdf
signal,3,2018,Yds_Sonbahar,2018_YDS3_Ingilizce.pdf
significant,3,2018,Yds_Sonbahar,2018_YDS3_Ingilizce.pdf
similar,3,2018,Yds_Sonbahar,2018_YDS3_Ingilizce.pdf
society,3,2018,Yds_Sonbahar,2018_YDS3_Ingilizce.pdf
solving,3,2018,Yds_Sonbahar,2018_YDS3_Ingilizce.pdf
something,3,2018,Yds_Sonbahar,2018_YDS3_Ingilizce.pdf
star,3,2018,Yds_Sonbahar,2018_YDS3_Ingilizce.pdf
start,3,2018,Yds_Sonbahar,2018_YDS3_Ingilizce.pdf
store,3,2018,Yds_Sonbahar,2018_YDS3_Ingilizce.pdf
studying,3,2018,Yds_Sonbahar,2018_YDS3_Ingilizce.pdf
surgeon,3,2018,Yds_Sonbahar,2018_YDS3_Ingilizce.pdf
talk,3,2018,Yds_Sonbahar,2018_YDS3_Ingilizce.pdf
tchaikovsky,3,2018,Yds_Sonbahar,2018_YDS3_Ingilizce.pdf
technology,3,2018,Yds_Sonbahar,2018_YDS3_Ingilizce.pdf
temperature,3,2018,Yds_Sonbahar,2018_YDS3_Ingilizce.pdf
term,3,2018,Yds_Sonbahar,2018_YDS3_Ingilizce.pdf
three,3,2018,Yds_Sonbahar,2018_YDS3_Ingilizce.pdf
together,3,2018,Yds_Sonbahar,2018_YDS3_Ingilizce.pdf
true,3,2018,Yds_Sonbahar,2018_YDS3_Ingilizce.pdf
turn,3,2018,Yds_Sonbahar,2018_YDS3_Ingilizce.pdf
understand,3,2018,Yds_Sonbahar,2018_YDS3_Ingilizce.pdf
unlike,3,2018,Yds_Sonbahar,2018_YDS3_Ingilizce.pdf
variety,3,2018,Yds_Sonbahar,2018_YDS3_Ingilizce.pdf
visible,3,2018,Yds_Sonbahar,2018_YDS3_Ingilizce.pdf
want,3,2018,Yds_Sonbahar,2018_YDS3_Ingilizce.pdf
west,3,2018,Yds_Sonbahar,2018_YDS3_Ingilizce.pdf
whereas,3,2018,Yds_Sonbahar,2018_YDS3_Ingilizce.pdf
whose,3,2018,Yds_Sonbahar,2018_YDS3_Ingilizce.pdf
within,3,2018,Yds_Sonbahar,2018_YDS3_Ingilizce.pdf
without,3,2018,Yds_Sonbahar,2018_YDS3_Ingilizce.pdf
working,3,2018,Yds_Sonbahar,2018_YDS3_Ingilizce.pdf
yes,3,2018,Yds_Sonbahar,2018_YDS3_Ingilizce.pdf
zone,3,2018,Yds_Sonbahar,2018_YDS3_Ingilizce.pdf
acceptable,2,2018,Yds_Sonbahar,2018_YDS3_Ingilizce.pdf
acceptance,2,2018,Yds_Sonbahar,2018_YDS3_Ingilizce.pdf
acropolis,2,2018,Yds_Sonbahar,2018_YDS3_Ingilizce.pdf
active,2,2018,Yds_Sonbahar,2018_YDS3_Ingilizce.pdf
actually,2,2018,Yds_Sonbahar,2018_YDS3_Ingilizce.pdf
adam,2,2018,Yds_Sonbahar,2018_YDS3_Ingilizce.pdf
adequate,2,2018,Yds_Sonbahar,2018_YDS3_Ingilizce.pdf
advised,2,2018,Yds_Sonbahar,2018_YDS3_Ingilizce.pdf
affected,2,2018,Yds_Sonbahar,2018_YDS3_Ingilizce.pdf
aging,2,2018,Yds_Sonbahar,2018_YDS3_Ingilizce.pdf
already,2,2018,Yds_Sonbahar,2018_YDS3_Ingilizce.pdf
appliance,2,2018,Yds_Sonbahar,2018_YDS3_Ingilizce.pdf
application,2,2018,Yds_Sonbahar,2018_YDS3_Ingilizce.pdf
astronomer,2,2018,Yds_Sonbahar,2018_YDS3_Ingilizce.pdf
athens,2,2018,Yds_Sonbahar,2018_YDS3_Ingilizce.pdf
attempt,2,2018,Yds_Sonbahar,2018_YDS3_Ingilizce.pdf
attention,2,2018,Yds_Sonbahar,2018_YDS3_Ingilizce.pdf
avoiding,2,2018,Yds_Sonbahar,2018_YDS3_Ingilizce.pdf
aware,2,2018,Yds_Sonbahar,2018_YDS3_Ingilizce.pdf
awareness,2,2018,Yds_Sonbahar,2018_YDS3_Ingilizce.pdf
bacon,2,2018,Yds_Sonbahar,2018_YDS3_Ingilizce.pdf
bad,2,2018,Yds_Sonbahar,2018_YDS3_Ingilizce.pdf
bare,2,2018,Yds_Sonbahar,2018_YDS3_Ingilizce.pdf
basically,2,2018,Yds_Sonbahar,2018_YDS3_Ingilizce.pdf
begun,2,2018,Yds_Sonbahar,2018_YDS3_Ingilizce.pdf
behavior,2,2018,Yds_Sonbahar,2018_YDS3_Ingilizce.pdf
behaviour,2,2018,Yds_Sonbahar,2018_YDS3_Ingilizce.pdf
behind,2,2018,Yds_Sonbahar,2018_YDS3_Ingilizce.pdf
beneath,2,2018,Yds_Sonbahar,2018_YDS3_Ingilizce.pdf
better,2,2018,Yds_Sonbahar,2018_YDS3_Ingilizce.pdf
beverage,2,2018,Yds_Sonbahar,2018_YDS3_Ingilizce.pdf
bird,2,2018,Yds_Sonbahar,2018_YDS3_Ingilizce.pdf
block,2,2018,Yds_Sonbahar,2018_YDS3_Ingilizce.pdf
carbonated,2,2018,Yds_Sonbahar,2018_YDS3_Ingilizce.pdf
careful,2,2018,Yds_Sonbahar,2018_YDS3_Ingilizce.pdf
cause,2,2018,Yds_Sonbahar,2018_YDS3_Ingilizce.pdf
caused,2,2018,Yds_Sonbahar,2018_YDS3_Ingilizce.pdf
cent,2,2018,Yds_Sonbahar,2018_YDS3_Ingilizce.pdf
central,2,2018,Yds_Sonbahar,2018_YDS3_Ingilizce.pdf
ceremony,2,2018,Yds_Sonbahar,2018_YDS3_Ingilizce.pdf
certain,2,2018,Yds_Sonbahar,2018_YDS3_Ingilizce.pdf
chamber,2,2018,Yds_Sonbahar,2018_YDS3_Ingilizce.pdf
chance,2,2018,Yds_Sonbahar,2018_YDS3_Ingilizce.pdf
charismatic,2,2018,Yds_Sonbahar,2018_YDS3_Ingilizce.pdf
childhood,2,2018,Yds_Sonbahar,2018_YDS3_Ingilizce.pdf
city,2,2018,Yds_Sonbahar,2018_YDS3_Ingilizce.pdf
clear,2,2018,Yds_Sonbahar,2018_YDS3_Ingilizce.pdf
clearly,2,2018,Yds_Sonbahar,2018_YDS3_Ingilizce.pdf
closest,2,2018,Yds_Sonbahar,2018_YDS3_Ingilizce.pdf
common,2,2018,Yds_Sonbahar,2018_YDS3_Ingilizce.pdf
company,2,2018,Yds_Sonbahar,2018_YDS3_Ingilizce.pdf
compared,2,2018,Yds_Sonbahar,2018_YDS3_Ingilizce.pdf
consistent,2,2018,Yds_Sonbahar,2018_YDS3_Ingilizce.pdf
continue,2,2018,Yds_Sonbahar,2018_YDS3_Ingilizce.pdf
continues,2,2018,Yds_Sonbahar,2018_YDS3_Ingilizce.pdf
contributed,2,2018,Yds_Sonbahar,2018_YDS3_Ingilizce.pdf
controversy,2,2018,Yds_Sonbahar,2018_YDS3_Ingilizce.pdf
country,2,2018,Yds_Sonbahar,2018_YDS3_Ingilizce.pdf
crash,2,2018,Yds_Sonbahar,2018_YDS3_Ingilizce.pdf
creating,2,2018,Yds_Sonbahar,2018_YDS3_Ingilizce.pdf
creative,2,2018,Yds_Sonbahar,2018_YDS3_Ingilizce.pdf
curative,2,2018,Yds_Sonbahar,2018_YDS3_Ingilizce.pdf
dark,2,2018,Yds_Sonbahar,2018_YDS3_Ingilizce.pdf
date,2,2018,Yds_Sonbahar,2018_YDS3_Ingilizce.pdf
deal,2,2018,Yds_Sonbahar,2018_YDS3_Ingilizce.pdf
decade,2,2018,Yds_Sonbahar,2018_YDS3_Ingilizce.pdf
decided,2,2018,Yds_Sonbahar,2018_YDS3_Ingilizce.pdf
describe,2,2018,Yds_Sonbahar,2018_YDS3_Ingilizce.pdf
developing,2,2018,Yds_Sonbahar,2018_YDS3_Ingilizce.pdf
development,2,2018,Yds_Sonbahar,2018_YDS3_Ingilizce.pdf
developmental,2,2018,Yds_Sonbahar,2018_YDS3_Ingilizce.pdf
diagnosed,2,2018,Yds_Sonbahar,2018_YDS3_Ingilizce.pdf
died,2,2018,Yds_Sonbahar,2018_YDS3_Ingilizce.pdf
dietary,2,2018,Yds_Sonbahar,2018_YDS3_Ingilizce.pdf
different,2,2018,Yds_Sonbahar,2018_YDS3_Ingilizce.pdf
difficult,2,2018,Yds_Sonbahar,2018_YDS3_Ingilizce.pdf
digital,2,2018,Yds_Sonbahar,2018_YDS3_Ingilizce.pdf
domain,2,2018,Yds_Sonbahar,2018_YDS3_Ingilizce.pdf
done,2,2018,Yds_Sonbahar,2018_YDS3_Ingilizce.pdf
dramatically,2,2018,Yds_Sonbahar,2018_YDS3_Ingilizce.pdf
durability,2,2018,Yds_Sonbahar,2018_YDS3_Ingilizce.pdf
earlier,2,2018,Yds_Sonbahar,2018_YDS3_Ingilizce.pdf
eastern,2,2018,Yds_Sonbahar,2018_YDS3_Ingilizce.pdf
eat,2,2018,Yds_Sonbahar,2018_YDS3_Ingilizce.pdf
effective,2,2018,Yds_Sonbahar,2018_YDS3_Ingilizce.pdf
effort,2,2018,Yds_Sonbahar,2018_YDS3_Ingilizce.pdf
either,2,2018,Yds_Sonbahar,2018_YDS3_Ingilizce.pdf
electrical,2,2018,Yds_Sonbahar,2018_YDS3_Ingilizce.pdf
emerge,2,2018,Yds_Sonbahar,2018_YDS3_Ingilizce.pdf
emotional,2,2018,Yds_Sonbahar,2018_YDS3_Ingilizce.pdf
engineer,2,2018,Yds_Sonbahar,2018_YDS3_Ingilizce.pdf
estimate,2,2018,Yds_Sonbahar,2018_YDS3_Ingilizce.pdf
europe,2,2018,Yds_Sonbahar,2018_YDS3_Ingilizce.pdf
evolutionary,2,2018,Yds_Sonbahar,2018_YDS3_Ingilizce.pdf
exam,2,2018,Yds_Sonbahar,2018_YDS3_Ingilizce.pdf
exist,2,2018,Yds_Sonbahar,2018_YDS3_Ingilizce.pdf
exists,2,2018,Yds_Sonbahar,2018_YDS3_Ingilizce.pdf
experienced,2,2018,Yds_Sonbahar,2018_YDS3_Ingilizce.pdf
expert,2,2018,Yds_Sonbahar,2018_YDS3_Ingilizce.pdf
explained,2,2018,Yds_Sonbahar,2018_YDS3_Ingilizce.pdf
extraordinary,2,2018,Yds_Sonbahar,2018_YDS3_Ingilizce.pdf
factor,2,2018,Yds_Sonbahar,2018_YDS3_Ingilizce.pdf
fail,2,2018,Yds_Sonbahar,2018_YDS3_Ingilizce.pdf
fall,2,2018,Yds_Sonbahar,2018_YDS3_Ingilizce.pdf
feeling,2,2018,Yds_Sonbahar,2018_YDS3_Ingilizce.pdf
fight,2,2018,Yds_Sonbahar,2018_YDS3_Ingilizce.pdf
find,2,2018,Yds_Sonbahar,2018_YDS3_Ingilizce.pdf
finding,2,2018,Yds_Sonbahar,2018_YDS3_Ingilizce.pdf
fit,2,2018,Yds_Sonbahar,2018_YDS3_Ingilizce.pdf
floor,2,2018,Yds_Sonbahar,2018_YDS3_Ingilizce.pdf
forced,2,2018,Yds_Sonbahar,2018_YDS3_Ingilizce.pdf
french,2,2018,Yds_Sonbahar,2018_YDS3_Ingilizce.pdf
frequency,2,2018,Yds_Sonbahar,2018_YDS3_Ingilizce.pdf
fully,2,2018,Yds_Sonbahar,2018_YDS3_Ingilizce.pdf
fundamental,2,2018,Yds_Sonbahar,2018_YDS3_Ingilizce.pdf
generation,2,2018,Yds_Sonbahar,2018_YDS3_Ingilizce.pdf
getting,2,2018,Yds_Sonbahar,2018_YDS3_Ingilizce.pdf
give,2,2018,Yds_Sonbahar,2018_YDS3_Ingilizce.pdf
going,2,2018,Yds_Sonbahar,2018_YDS3_Ingilizce.pdf
good,2,2018,Yds_Sonbahar,2018_YDS3_Ingilizce.pdf
grew,2,2018,Yds_Sonbahar,2018_YDS3_Ingilizce.pdf
grown,2,2018,Yds_Sonbahar,2018_YDS3_Ingilizce.pdf
guess,2,2018,Yds_Sonbahar,2018_YDS3_Ingilizce.pdf
hand,2,2018,Yds_Sonbahar,2018_YDS3_Ingilizce.pdf
happen,2,2018,Yds_Sonbahar,2018_YDS3_Ingilizce.pdf
happy,2,2018,Yds_Sonbahar,2018_YDS3_Ingilizce.pdf
harvest,2,2018,Yds_Sonbahar,2018_YDS3_Ingilizce.pdf
heart,2,2018,Yds_Sonbahar,2018_YDS3_Ingilizce.pdf
herbal,2,2018,Yds_Sonbahar,2018_YDS3_Ingilizce.pdf
highly,2,2018,Yds_Sonbahar,2018_YDS3_Ingilizce.pdf
humankind,2,2018,Yds_Sonbahar,2018_YDS3_Ingilizce.pdf
immediately,2,2018,Yds_Sonbahar,2018_YDS3_Ingilizce.pdf
importance,2,2018,Yds_Sonbahar,2018_YDS3_Ingilizce.pdf
include,2,2018,Yds_Sonbahar,2018_YDS3_Ingilizce.pdf
increasingly,2,2018,Yds_Sonbahar,2018_YDS3_Ingilizce.pdf
independent,2,2018,Yds_Sonbahar,2018_YDS3_Ingilizce.pdf
indian,2,2018,Yds_Sonbahar,2018_YDS3_Ingilizce.pdf
indicate,2,2018,Yds_Sonbahar,2018_YDS3_Ingilizce.pdf
industrial,2,2018,Yds_Sonbahar,2018_YDS3_Ingilizce.pdf
influenced,2,2018,Yds_Sonbahar,2018_YDS3_Ingilizce.pdf
inhabit,2,2018,Yds_Sonbahar,2018_YDS3_Ingilizce.pdf
input,2,2018,Yds_Sonbahar,2018_YDS3_Ingilizce.pdf
instantly,2,2018,Yds_Sonbahar,2018_YDS3_Ingilizce.pdf
instructor,2,2018,Yds_Sonbahar,2018_YDS3_Ingilizce.pdf
international,2,2018,Yds_Sonbahar,2018_YDS3_Ingilizce.pdf
internet,2,2018,Yds_Sonbahar,2018_YDS3_Ingilizce.pdf
investigate,2,2018,Yds_Sonbahar,2018_YDS3_Ingilizce.pdf
job,2,2018,Yds_Sonbahar,2018_YDS3_Ingilizce.pdf
junk,2,2018,Yds_Sonbahar,2018_YDS3_Ingilizce.pdf
kid,2,2018,Yds_Sonbahar,2018_YDS3_Ingilizce.pdf
kind,2,2018,Yds_Sonbahar,2018_YDS3_Ingilizce.pdf
label,2,2018,Yds_Sonbahar,2018_YDS3_Ingilizce.pdf
land,2,2018,Yds_Sonbahar,2018_YDS3_Ingilizce.pdf
landscape,2,2018,Yds_Sonbahar,2018_YDS3_Ingilizce.pdf
last,2,2018,Yds_Sonbahar,2018_YDS3_Ingilizce.pdf
lasting,2,2018,Yds_Sonbahar,2018_YDS3_Ingilizce.pdf
late,2,2018,Yds_Sonbahar,2018_YDS3_Ingilizce.pdf
later,2,2018,Yds_Sonbahar,2018_YDS3_Ingilizce.pdf
laura,2,2018,Yds_Sonbahar,2018_YDS3_Ingilizce.pdf
law,2,2018,Yds_Sonbahar,2018_YDS3_Ingilizce.pdf
lie,2,2018,Yds_Sonbahar,2018_YDS3_Ingilizce.pdf
linked,2,2018,Yds_Sonbahar,2018_YDS3_Ingilizce.pdf
lush,2,2018,Yds_Sonbahar,2018_YDS3_Ingilizce.pdf
machine,2,2018,Yds_Sonbahar,2018_YDS3_Ingilizce.pdf
magazine,2,2018,Yds_Sonbahar,2018_YDS3_Ingilizce.pdf
maybe,2,2018,Yds_Sonbahar,2018_YDS3_Ingilizce.pdf
meaning,2,2018,Yds_Sonbahar,2018_YDS3_Ingilizce.pdf
melancholy,2,2018,Yds_Sonbahar,2018_YDS3_Ingilizce.pdf
melody,2,2018,Yds_Sonbahar,2018_YDS3_Ingilizce.pdf
melted,2,2018,Yds_Sonbahar,2018_YDS3_Ingilizce.pdf
melting,2,2018,Yds_Sonbahar,2018_YDS3_Ingilizce.pdf
mind,2,2018,Yds_Sonbahar,2018_YDS3_Ingilizce.pdf
minute,2,2018,Yds_Sonbahar,2018_YDS3_Ingilizce.pdf
model,2,2018,Yds_Sonbahar,2018_YDS3_Ingilizce.pdf
molecule,2,2018,Yds_Sonbahar,2018_YDS3_Ingilizce.pdf
mother,2,2018,Yds_Sonbahar,2018_YDS3_Ingilizce.pdf
mountain,2,2018,Yds_Sonbahar,2018_YDS3_Ingilizce.pdf
movement,2,2018,Yds_Sonbahar,2018_YDS3_Ingilizce.pdf
national,2,2018,Yds_Sonbahar,2018_YDS3_Ingilizce.pdf
nearly,2,2018,Yds_Sonbahar,2018_YDS3_Ingilizce.pdf
neutralises,2,2018,Yds_Sonbahar,2018_YDS3_Ingilizce.pdf
nevertheless,2,2018,Yds_Sonbahar,2018_YDS3_Ingilizce.pdf
non,2,2018,Yds_Sonbahar,2018_YDS3_Ingilizce.pdf
norm,2,2018,Yds_Sonbahar,2018_YDS3_Ingilizce.pdf
nothing,2,2018,Yds_Sonbahar,2018_YDS3_Ingilizce.pdf
nylon,2,2018,Yds_Sonbahar,2018_YDS3_Ingilizce.pdf
occurs,2,2018,Yds_Sonbahar,2018_YDS3_Ingilizce.pdf
oil,2,2018,Yds_Sonbahar,2018_YDS3_Ingilizce.pdf
oldest,2,2018,Yds_Sonbahar,2018_YDS3_Ingilizce.pdf
overcome,2,2018,Yds_Sonbahar,2018_YDS3_Ingilizce.pdf
pacific,2,2018,Yds_Sonbahar,2018_YDS3_Ingilizce.pdf
peak,2,2018,Yds_Sonbahar,2018_YDS3_Ingilizce.pdf
peculiar,2,2018,Yds_Sonbahar,2018_YDS3_Ingilizce.pdf
pen,2,2018,Yds_Sonbahar,2018_YDS3_Ingilizce.pdf
per,2,2018,Yds_Sonbahar,2018_YDS3_Ingilizce.pdf
perhaps,2,2018,Yds_Sonbahar,2018_YDS3_Ingilizce.pdf
picture,2,2018,Yds_Sonbahar,2018_YDS3_Ingilizce.pdf
pleasurable,2,2018,Yds_Sonbahar,2018_YDS3_Ingilizce.pdf
pollution,2,2018,Yds_Sonbahar,2018_YDS3_Ingilizce.pdf
pondered,2,2018,Yds_Sonbahar,2018_YDS3_Ingilizce.pdf
pondering,2,2018,Yds_Sonbahar,2018_YDS3_Ingilizce.pdf
possibly,2,2018,Yds_Sonbahar,2018_YDS3_Ingilizce.pdf
practice,2,2018,Yds_Sonbahar,2018_YDS3_Ingilizce.pdf
practicing,2,2018,Yds_Sonbahar,2018_YDS3_Ingilizce.pdf
primarily,2,2018,Yds_Sonbahar,2018_YDS3_Ingilizce.pdf
produce,2,2018,Yds_Sonbahar,2018_YDS3_Ingilizce.pdf
producing,2,2018,Yds_Sonbahar,2018_YDS3_Ingilizce.pdf
profoundly,2,2018,Yds_Sonbahar,2018_YDS3_Ingilizce.pdf
property,2,2018,Yds_Sonbahar,2018_YDS3_Ingilizce.pdf
protected,2,2018,Yds_Sonbahar,2018_YDS3_Ingilizce.pdf
protection,2,2018,Yds_Sonbahar,2018_YDS3_Ingilizce.pdf
purpose,2,2018,Yds_Sonbahar,2018_YDS3_Ingilizce.pdf
put,2,2018,Yds_Sonbahar,2018_YDS3_Ingilizce.pdf
radar,2,2018,Yds_Sonbahar,2018_YDS3_Ingilizce.pdf
read,2,2018,Yds_Sonbahar,2018_YDS3_Ingilizce.pdf
reason,2,2018,Yds_Sonbahar,2018_YDS3_Ingilizce.pdf
reasoning,2,2018,Yds_Sonbahar,2018_YDS3_Ingilizce.pdf
recently,2,2018,Yds_Sonbahar,2018_YDS3_Ingilizce.pdf
recorded,2,2018,Yds_Sonbahar,2018_YDS3_Ingilizce.pdf
regarded,2,2018,Yds_Sonbahar,2018_YDS3_Ingilizce.pdf
regiment,2,2018,Yds_Sonbahar,2018_YDS3_Ingilizce.pdf
relationship,2,2018,Yds_Sonbahar,2018_YDS3_Ingilizce.pdf
remains,2,2018,Yds_Sonbahar,2018_YDS3_Ingilizce.pdf
remember,2,2018,Yds_Sonbahar,2018_YDS3_Ingilizce.pdf
responsible,2,2018,Yds_Sonbahar,2018_YDS3_Ingilizce.pdf
reveal,2,2018,Yds_Sonbahar,2018_YDS3_Ingilizce.pdf
ridge,2,2018,Yds_Sonbahar,2018_YDS3_Ingilizce.pdf
sandy,2,2018,Yds_Sonbahar,2018_YDS3_Ingilizce.pdf
scale,2,2018,Yds_Sonbahar,2018_YDS3_Ingilizce.pdf
scary,2,2018,Yds_Sonbahar,2018_YDS3_Ingilizce.pdf
sea,2,2018,Yds_Sonbahar,2018_YDS3_Ingilizce.pdf
search,2,2018,Yds_Sonbahar,2018_YDS3_Ingilizce.pdf
see,2,2018,Yds_Sonbahar,2018_YDS3_Ingilizce.pdf
seem,2,2018,Yds_Sonbahar,2018_YDS3_Ingilizce.pdf
service,2,2018,Yds_Sonbahar,2018_YDS3_Ingilizce.pdf
settler,2,2018,Yds_Sonbahar,2018_YDS3_Ingilizce.pdf
shift,2,2018,Yds_Sonbahar,2018_YDS3_Ingilizce.pdf
sibling,2,2018,Yds_Sonbahar,2018_YDS3_Ingilizce.pdf
simply,2,2018,Yds_Sonbahar,2018_YDS3_Ingilizce.pdf
small,2,2018,Yds_Sonbahar,2018_YDS3_Ingilizce.pdf
soaked,2,2018,Yds_Sonbahar,2018_YDS3_Ingilizce.pdf
soft,2,2018,Yds_Sonbahar,2018_YDS3_Ingilizce.pdf
soil,2,2018,Yds_Sonbahar,2018_YDS3_Ingilizce.pdf
soldier,2,2018,Yds_Sonbahar,2018_YDS3_Ingilizce.pdf
sometimes,2,2018,Yds_Sonbahar,2018_YDS3_Ingilizce.pdf
sound,2,2018,Yds_Sonbahar,2018_YDS3_Ingilizce.pdf
stop,2,2018,Yds_Sonbahar,2018_YDS3_Ingilizce.pdf
strategy,2,2018,Yds_Sonbahar,2018_YDS3_Ingilizce.pdf
strength,2,2018,Yds_Sonbahar,2018_YDS3_Ingilizce.pdf
strike,2,2018,Yds_Sonbahar,2018_YDS3_Ingilizce.pdf
student,2,2018,Yds_Sonbahar,2018_YDS3_Ingilizce.pdf
substance,2,2018,Yds_Sonbahar,2018_YDS3_Ingilizce.pdf
sue,2,2018,Yds_Sonbahar,2018_YDS3_Ingilizce.pdf
sure,2,2018,Yds_Sonbahar,2018_YDS3_Ingilizce.pdf
symphony,2,2018,Yds_Sonbahar,2018_YDS3_Ingilizce.pdf
symptom,2,2018,Yds_Sonbahar,2018_YDS3_Ingilizce.pdf
taking,2,2018,Yds_Sonbahar,2018_YDS3_Ingilizce.pdf
talent,2,2018,Yds_Sonbahar,2018_YDS3_Ingilizce.pdf
ten,2,2018,Yds_Sonbahar,2018_YDS3_Ingilizce.pdf
tendency,2,2018,Yds_Sonbahar,2018_YDS3_Ingilizce.pdf
text,2,2018,Yds_Sonbahar,2018_YDS3_Ingilizce.pdf
threat,2,2018,Yds_Sonbahar,2018_YDS3_Ingilizce.pdf
threatened,2,2018,Yds_Sonbahar,2018_YDS3_Ingilizce.pdf
throughout,2,2018,Yds_Sonbahar,2018_YDS3_Ingilizce.pdf
thus,2,2018,Yds_Sonbahar,2018_YDS3_Ingilizce.pdf
today,2,2018,Yds_Sonbahar,2018_YDS3_Ingilizce.pdf
took,2,2018,Yds_Sonbahar,2018_YDS3_Ingilizce.pdf
tracy,2,2018,Yds_Sonbahar,2018_YDS3_Ingilizce.pdf
training,2,2018,Yds_Sonbahar,2018_YDS3_Ingilizce.pdf
translation,2,2018,Yds_Sonbahar,2018_YDS3_Ingilizce.pdf
travel,2,2018,Yds_Sonbahar,2018_YDS3_Ingilizce.pdf
tree,2,2018,Yds_Sonbahar,2018_YDS3_Ingilizce.pdf
turkish,2,2018,Yds_Sonbahar,2018_YDS3_Ingilizce.pdf
two,2,2018,Yds_Sonbahar,2018_YDS3_Ingilizce.pdf
type,2,2018,Yds_Sonbahar,2018_YDS3_Ingilizce.pdf
underlined,2,2018,Yds_Sonbahar,2018_YDS3_Ingilizce.pdf
undermine,2,2018,Yds_Sonbahar,2018_YDS3_Ingilizce.pdf
understood,2,2018,Yds_Sonbahar,2018_YDS3_Ingilizce.pdf
user,2,2018,Yds_Sonbahar,2018_YDS3_Ingilizce.pdf
vehicle,2,2018,Yds_Sonbahar,2018_YDS3_Ingilizce.pdf
volcanically,2,2018,Yds_Sonbahar,2018_YDS3_Ingilizce.pdf
volcano,2,2018,Yds_Sonbahar,2018_YDS3_Ingilizce.pdf
warming,2,2018,Yds_Sonbahar,2018_YDS3_Ingilizce.pdf
week,2,2018,Yds_Sonbahar,2018_YDS3_Ingilizce.pdf
woman,2,2018,Yds_Sonbahar,2018_YDS3_Ingilizce.pdf
wyeth,2,2018,Yds_Sonbahar,2018_YDS3_Ingilizce.pdf
young,2,2018,Yds_Sonbahar,2018_YDS3_Ingilizce.pdf
able,1,2018,Yds_Sonbahar,2018_YDS3_Ingilizce.pdf
abroad,1,2018,Yds_Sonbahar,2018_YDS3_Ingilizce.pdf
absorbed,1,2018,Yds_Sonbahar,2018_YDS3_Ingilizce.pdf
abstain,1,2018,Yds_Sonbahar,2018_YDS3_Ingilizce.pdf
abundant,1,2018,Yds_Sonbahar,2018_YDS3_Ingilizce.pdf
accelerated,1,2018,Yds_Sonbahar,2018_YDS3_Ingilizce.pdf
access,1,2018,Yds_Sonbahar,2018_YDS3_Ingilizce.pdf
accomplishment,1,2018,Yds_Sonbahar,2018_YDS3_Ingilizce.pdf
acculturation,1,2018,Yds_Sonbahar,2018_YDS3_Ingilizce.pdf
achieve,1,2018,Yds_Sonbahar,2018_YDS3_Ingilizce.pdf
achievement,1,2018,Yds_Sonbahar,2018_YDS3_Ingilizce.pdf
achieving,1,2018,Yds_Sonbahar,2018_YDS3_Ingilizce.pdf
acquisition,1,2018,Yds_Sonbahar,2018_YDS3_Ingilizce.pdf
across,1,2018,Yds_Sonbahar,2018_YDS3_Ingilizce.pdf
act,1,2018,Yds_Sonbahar,2018_YDS3_Ingilizce.pdf
activation,1,2018,Yds_Sonbahar,2018_YDS3_Ingilizce.pdf
adapt,1,2018,Yds_Sonbahar,2018_YDS3_Ingilizce.pdf
addition,1,2018,Yds_Sonbahar,2018_YDS3_Ingilizce.pdf
adhd,1,2018,Yds_Sonbahar,2018_YDS3_Ingilizce.pdf
admit,1,2018,Yds_Sonbahar,2018_YDS3_Ingilizce.pdf
adolescence,1,2018,Yds_Sonbahar,2018_YDS3_Ingilizce.pdf
adopt,1,2018,Yds_Sonbahar,2018_YDS3_Ingilizce.pdf
advance,1,2018,Yds_Sonbahar,2018_YDS3_Ingilizce.pdf
affect,1,2018,Yds_Sonbahar,2018_YDS3_Ingilizce.pdf
affiliation,1,2018,Yds_Sonbahar,2018_YDS3_Ingilizce.pdf
ago,1,2018,Yds_Sonbahar,2018_YDS3_Ingilizce.pdf
air,1,2018,Yds_Sonbahar,2018_YDS3_Ingilizce.pdf
airborne,1,2018,Yds_Sonbahar,2018_YDS3_Ingilizce.pdf
airplane,1,2018,Yds_Sonbahar,2018_YDS3_Ingilizce.pdf
alarmed,1,2018,Yds_Sonbahar,2018_YDS3_Ingilizce.pdf
aligned,1,2018,Yds_Sonbahar,2018_YDS3_Ingilizce.pdf
alike,1,2018,Yds_Sonbahar,2018_YDS3_Ingilizce.pdf
allocation,1,2018,Yds_Sonbahar,2018_YDS3_Ingilizce.pdf
allow,1,2018,Yds_Sonbahar,2018_YDS3_Ingilizce.pdf
allowed,1,2018,Yds_Sonbahar,2018_YDS3_Ingilizce.pdf
ama,1,2018,Yds_Sonbahar,2018_YDS3_Ingilizce.pdf
among,1,2018,Yds_Sonbahar,2018_YDS3_Ingilizce.pdf
amphibian,1,2018,Yds_Sonbahar,2018_YDS3_Ingilizce.pdf
amygdala,1,2018,Yds_Sonbahar,2018_YDS3_Ingilizce.pdf
analogue,1,2018,Yds_Sonbahar,2018_YDS3_Ingilizce.pdf
ancestor,1,2018,Yds_Sonbahar,2018_YDS3_Ingilizce.pdf
annihilated,1,2018,Yds_Sonbahar,2018_YDS3_Ingilizce.pdf
anti,1,2018,Yds_Sonbahar,2018_YDS3_Ingilizce.pdf
anticipation,1,2018,Yds_Sonbahar,2018_YDS3_Ingilizce.pdf
anton,1,2018,Yds_Sonbahar,2018_YDS3_Ingilizce.pdf
anything,1,2018,Yds_Sonbahar,2018_YDS3_Ingilizce.pdf
apart,1,2018,Yds_Sonbahar,2018_YDS3_Ingilizce.pdf
appeal,1,2018,Yds_Sonbahar,2018_YDS3_Ingilizce.pdf
applies,1,2018,Yds_Sonbahar,2018_YDS3_Ingilizce.pdf
apply,1,2018,Yds_Sonbahar,2018_YDS3_Ingilizce.pdf
appreciation,1,2018,Yds_Sonbahar,2018_YDS3_Ingilizce.pdf
arab,1,2018,Yds_Sonbahar,2018_YDS3_Ingilizce.pdf
arbitrarily,1,2018,Yds_Sonbahar,2018_YDS3_Ingilizce.pdf
argue,1,2018,Yds_Sonbahar,2018_YDS3_Ingilizce.pdf
arguing,1,2018,Yds_Sonbahar,2018_YDS3_Ingilizce.pdf
arose,1,2018,Yds_Sonbahar,2018_YDS3_Ingilizce.pdf
arouse,1,2018,Yds_Sonbahar,2018_YDS3_Ingilizce.pdf
arouses,1,2018,Yds_Sonbahar,2018_YDS3_Ingilizce.pdf
art,1,2018,Yds_Sonbahar,2018_YDS3_Ingilizce.pdf
artery,1,2018,Yds_Sonbahar,2018_YDS3_Ingilizce.pdf
article,1,2018,Yds_Sonbahar,2018_YDS3_Ingilizce.pdf
artificial,1,2018,Yds_Sonbahar,2018_YDS3_Ingilizce.pdf
asia,1,2018,Yds_Sonbahar,2018_YDS3_Ingilizce.pdf
asked,1,2018,Yds_Sonbahar,2018_YDS3_Ingilizce.pdf
aspect,1,2018,Yds_Sonbahar,2018_YDS3_Ingilizce.pdf
associated,1,2018,Yds_Sonbahar,2018_YDS3_Ingilizce.pdf
asteroid,1,2018,Yds_Sonbahar,2018_YDS3_Ingilizce.pdf
athena,1,2018,Yds_Sonbahar,2018_YDS3_Ingilizce.pdf
atom,1,2018,Yds_Sonbahar,2018_YDS3_Ingilizce.pdf
attachment,1,2018,Yds_Sonbahar,2018_YDS3_Ingilizce.pdf
attack,1,2018,Yds_Sonbahar,2018_YDS3_Ingilizce.pdf
attract,1,2018,Yds_Sonbahar,2018_YDS3_Ingilizce.pdf
attraction,1,2018,Yds_Sonbahar,2018_YDS3_Ingilizce.pdf
aunt,1,2018,Yds_Sonbahar,2018_YDS3_Ingilizce.pdf
average,1,2018,Yds_Sonbahar,2018_YDS3_Ingilizce.pdf
ayurveda,1,2018,Yds_Sonbahar,2018_YDS3_Ingilizce.pdf
balance,1,2018,Yds_Sonbahar,2018_YDS3_Ingilizce.pdf
ballet,1,2018,Yds_Sonbahar,2018_YDS3_Ingilizce.pdf
barley,1,2018,Yds_Sonbahar,2018_YDS3_Ingilizce.pdf
barren,1,2018,Yds_Sonbahar,2018_YDS3_Ingilizce.pdf
basic,1,2018,Yds_Sonbahar,2018_YDS3_Ingilizce.pdf
bathed,1,2018,Yds_Sonbahar,2018_YDS3_Ingilizce.pdf
bear,1,2018,Yds_Sonbahar,2018_YDS3_Ingilizce.pdf
beauty,1,2018,Yds_Sonbahar,2018_YDS3_Ingilizce.pdf
became,1,2018,Yds_Sonbahar,2018_YDS3_Ingilizce.pdf
becoming,1,2018,Yds_Sonbahar,2018_YDS3_Ingilizce.pdf
behaves,1,2018,Yds_Sonbahar,2018_YDS3_Ingilizce.pdf
behavioural,1,2018,Yds_Sonbahar,2018_YDS3_Ingilizce.pdf
believe,1,2018,Yds_Sonbahar,2018_YDS3_Ingilizce.pdf
believed,1,2018,Yds_Sonbahar,2018_YDS3_Ingilizce.pdf
beneficial,1,2018,Yds_Sonbahar,2018_YDS3_Ingilizce.pdf
besides,1,2018,Yds_Sonbahar,2018_YDS3_Ingilizce.pdf
bias,1,2018,Yds_Sonbahar,2018_YDS3_Ingilizce.pdf
bile,1,2018,Yds_Sonbahar,2018_YDS3_Ingilizce.pdf
billion,1,2018,Yds_Sonbahar,2018_YDS3_Ingilizce.pdf
biological,1,2018,Yds_Sonbahar,2018_YDS3_Ingilizce.pdf
biotechnology,1,2018,Yds_Sonbahar,2018_YDS3_Ingilizce.pdf
birth,1,2018,Yds_Sonbahar,2018_YDS3_Ingilizce.pdf
bison,1,2018,Yds_Sonbahar,2018_YDS3_Ingilizce.pdf
blending,1,2018,Yds_Sonbahar,2018_YDS3_Ingilizce.pdf
blockage,1,2018,Yds_Sonbahar,2018_YDS3_Ingilizce.pdf
blocked,1,2018,Yds_Sonbahar,2018_YDS3_Ingilizce.pdf
bloodshed,1,2018,Yds_Sonbahar,2018_YDS3_Ingilizce.pdf
blow,1,2018,Yds_Sonbahar,2018_YDS3_Ingilizce.pdf
bodily,1,2018,Yds_Sonbahar,2018_YDS3_Ingilizce.pdf
boiled,1,2018,Yds_Sonbahar,2018_YDS3_Ingilizce.pdf
bonding,1,2018,Yds_Sonbahar,2018_YDS3_Ingilizce.pdf
booming,1,2018,Yds_Sonbahar,2018_YDS3_Ingilizce.pdf
booster,1,2018,Yds_Sonbahar,2018_YDS3_Ingilizce.pdf
box,1,2018,Yds_Sonbahar,2018_YDS3_Ingilizce.pdf
brain,1,2018,Yds_Sonbahar,2018_YDS3_Ingilizce.pdf
brave,1,2018,Yds_Sonbahar,2018_YDS3_Ingilizce.pdf
breast,1,2018,Yds_Sonbahar,2018_YDS3_Ingilizce.pdf
brighter,1,2018,Yds_Sonbahar,2018_YDS3_Ingilizce.pdf
bringing,1,2018,Yds_Sonbahar,2018_YDS3_Ingilizce.pdf
brings,1,2018,Yds_Sonbahar,2018_YDS3_Ingilizce.pdf
britain,1,2018,Yds_Sonbahar,2018_YDS3_Ingilizce.pdf
broadcaster,1,2018,Yds_Sonbahar,2018_YDS3_Ingilizce.pdf
buffer,1,2018,Yds_Sonbahar,2018_YDS3_Ingilizce.pdf
bulb,1,2018,Yds_Sonbahar,2018_YDS3_Ingilizce.pdf
burden,1,2018,Yds_Sonbahar,2018_YDS3_Ingilizce.pdf
burn,1,2018,Yds_Sonbahar,2018_YDS3_Ingilizce.pdf
business,1,2018,Yds_Sonbahar,2018_YDS3_Ingilizce.pdf
butchery,1,2018,Yds_Sonbahar,2018_YDS3_Ingilizce.pdf
buy,1,2018,Yds_Sonbahar,2018_YDS3_Ingilizce.pdf
cancer,1,2018,Yds_Sonbahar,2018_YDS3_Ingilizce.pdf
candidate,1,2018,Yds_Sonbahar,2018_YDS3_Ingilizce.pdf
capability,1,2018,Yds_Sonbahar,2018_YDS3_Ingilizce.pdf
capable,1,2018,Yds_Sonbahar,2018_YDS3_Ingilizce.pdf
capacity,1,2018,Yds_Sonbahar,2018_YDS3_Ingilizce.pdf
captivated,1,2018,Yds_Sonbahar,2018_YDS3_Ingilizce.pdf
cardiovascular,1,2018,Yds_Sonbahar,2018_YDS3_Ingilizce.pdf
carotid,1,2018,Yds_Sonbahar,2018_YDS3_Ingilizce.pdf
carried,1,2018,Yds_Sonbahar,2018_YDS3_Ingilizce.pdf
carry,1,2018,Yds_Sonbahar,2018_YDS3_Ingilizce.pdf
catalogue,1,2018,Yds_Sonbahar,2018_YDS3_Ingilizce.pdf
caught,1,2018,Yds_Sonbahar,2018_YDS3_Ingilizce.pdf
cereal,1,2018,Yds_Sonbahar,2018_YDS3_Ingilizce.pdf
certainly,1,2018,Yds_Sonbahar,2018_YDS3_Ingilizce.pdf
chain,1,2018,Yds_Sonbahar,2018_YDS3_Ingilizce.pdf
challenge,1,2018,Yds_Sonbahar,2018_YDS3_Ingilizce.pdf
challenging,1,2018,Yds_Sonbahar,2018_YDS3_Ingilizce.pdf
channel,1,2018,Yds_Sonbahar,2018_YDS3_Ingilizce.pdf
charge,1,2018,Yds_Sonbahar,2018_YDS3_Ingilizce.pdf
cheap,1,2018,Yds_Sonbahar,2018_YDS3_Ingilizce.pdf
cheapness,1,2018,Yds_Sonbahar,2018_YDS3_Ingilizce.pdf
check,1,2018,Yds_Sonbahar,2018_YDS3_Ingilizce.pdf
cheerful,1,2018,Yds_Sonbahar,2018_YDS3_Ingilizce.pdf
china,1,2018,Yds_Sonbahar,2018_YDS3_Ingilizce.pdf
choice,1,2018,Yds_Sonbahar,2018_YDS3_Ingilizce.pdf
cholesterol,1,2018,Yds_Sonbahar,2018_YDS3_Ingilizce.pdf
cited,1,2018,Yds_Sonbahar,2018_YDS3_Ingilizce.pdf
citizen,1,2018,Yds_Sonbahar,2018_YDS3_Ingilizce.pdf
civilisation,1,2018,Yds_Sonbahar,2018_YDS3_Ingilizce.pdf
claim,1,2018,Yds_Sonbahar,2018_YDS3_Ingilizce.pdf
claimed,1,2018,Yds_Sonbahar,2018_YDS3_Ingilizce.pdf
clarity,1,2018,Yds_Sonbahar,2018_YDS3_Ingilizce.pdf
classical,1,2018,Yds_Sonbahar,2018_YDS3_Ingilizce.pdf
classified,1,2018,Yds_Sonbahar,2018_YDS3_Ingilizce.pdf
clearer,1,2018,Yds_Sonbahar,2018_YDS3_Ingilizce.pdf
climbing,1,2018,Yds_Sonbahar,2018_YDS3_Ingilizce.pdf
close,1,2018,Yds_Sonbahar,2018_YDS3_Ingilizce.pdf
closely,1,2018,Yds_Sonbahar,2018_YDS3_Ingilizce.pdf
clothes,1,2018,Yds_Sonbahar,2018_YDS3_Ingilizce.pdf
clumsy,1,2018,Yds_Sonbahar,2018_YDS3_Ingilizce.pdf
coast,1,2018,Yds_Sonbahar,2018_YDS3_Ingilizce.pdf
coke,1,2018,Yds_Sonbahar,2018_YDS3_Ingilizce.pdf
colleague,1,2018,Yds_Sonbahar,2018_YDS3_Ingilizce.pdf
collective,1,2018,Yds_Sonbahar,2018_YDS3_Ingilizce.pdf
collectively,1,2018,Yds_Sonbahar,2018_YDS3_Ingilizce.pdf
colon,1,2018,Yds_Sonbahar,2018_YDS3_Ingilizce.pdf
colonized,1,2018,Yds_Sonbahar,2018_YDS3_Ingilizce.pdf
colour,1,2018,Yds_Sonbahar,2018_YDS3_Ingilizce.pdf
combating,1,2018,Yds_Sonbahar,2018_YDS3_Ingilizce.pdf
comfort,1,2018,Yds_Sonbahar,2018_YDS3_Ingilizce.pdf
commercial,1,2018,Yds_Sonbahar,2018_YDS3_Ingilizce.pdf
commercially,1,2018,Yds_Sonbahar,2018_YDS3_Ingilizce.pdf
commonly,1,2018,Yds_Sonbahar,2018_YDS3_Ingilizce.pdf
compact,1,2018,Yds_Sonbahar,2018_YDS3_Ingilizce.pdf
comparatively,1,2018,Yds_Sonbahar,2018_YDS3_Ingilizce.pdf
compare,1,2018,Yds_Sonbahar,2018_YDS3_Ingilizce.pdf
comparing,1,2018,Yds_Sonbahar,2018_YDS3_Ingilizce.pdf
completely,1,2018,Yds_Sonbahar,2018_YDS3_Ingilizce.pdf
component,1,2018,Yds_Sonbahar,2018_YDS3_Ingilizce.pdf
concentrate,1,2018,Yds_Sonbahar,2018_YDS3_Ingilizce.pdf
concentrating,1,2018,Yds_Sonbahar,2018_YDS3_Ingilizce.pdf
conception,1,2018,Yds_Sonbahar,2018_YDS3_Ingilizce.pdf
conceptualisation,1,2018,Yds_Sonbahar,2018_YDS3_Ingilizce.pdf
conducting,1,2018,Yds_Sonbahar,2018_YDS3_Ingilizce.pdf
confident,1,2018,Yds_Sonbahar,2018_YDS3_Ingilizce.pdf
confidential,1,2018,Yds_Sonbahar,2018_YDS3_Ingilizce.pdf
confined,1,2018,Yds_Sonbahar,2018_YDS3_Ingilizce.pdf
conflict,1,2018,Yds_Sonbahar,2018_YDS3_Ingilizce.pdf
confuses,1,2018,Yds_Sonbahar,2018_YDS3_Ingilizce.pdf
connected,1,2018,Yds_Sonbahar,2018_YDS3_Ingilizce.pdf
conscious,1,2018,Yds_Sonbahar,2018_YDS3_Ingilizce.pdf
consequently,1,2018,Yds_Sonbahar,2018_YDS3_Ingilizce.pdf
conservatory,1,2018,Yds_Sonbahar,2018_YDS3_Ingilizce.pdf
consider,1,2018,Yds_Sonbahar,2018_YDS3_Ingilizce.pdf
consisting,1,2018,Yds_Sonbahar,2018_YDS3_Ingilizce.pdf
constant,1,2018,Yds_Sonbahar,2018_YDS3_Ingilizce.pdf
construction,1,2018,Yds_Sonbahar,2018_YDS3_Ingilizce.pdf
consumable,1,2018,Yds_Sonbahar,2018_YDS3_Ingilizce.pdf
consumer,1,2018,Yds_Sonbahar,2018_YDS3_Ingilizce.pdf
contact,1,2018,Yds_Sonbahar,2018_YDS3_Ingilizce.pdf
contain,1,2018,Yds_Sonbahar,2018_YDS3_Ingilizce.pdf
contemporary,1,2018,Yds_Sonbahar,2018_YDS3_Ingilizce.pdf
continuously,1,2018,Yds_Sonbahar,2018_YDS3_Ingilizce.pdf
contradiction,1,2018,Yds_Sonbahar,2018_YDS3_Ingilizce.pdf
contrary,1,2018,Yds_Sonbahar,2018_YDS3_Ingilizce.pdf
contribute,1,2018,Yds_Sonbahar,2018_YDS3_Ingilizce.pdf
contributes,1,2018,Yds_Sonbahar,2018_YDS3_Ingilizce.pdf
contribution,1,2018,Yds_Sonbahar,2018_YDS3_Ingilizce.pdf
control,1,2018,Yds_Sonbahar,2018_YDS3_Ingilizce.pdf
cool,1,2018,Yds_Sonbahar,2018_YDS3_Ingilizce.pdf
corn,1,2018,Yds_Sonbahar,2018_YDS3_Ingilizce.pdf
cornerstone,1,2018,Yds_Sonbahar,2018_YDS3_Ingilizce.pdf
correctly,1,2018,Yds_Sonbahar,2018_YDS3_Ingilizce.pdf
course,1,2018,Yds_Sonbahar,2018_YDS3_Ingilizce.pdf
creativity,1,2018,Yds_Sonbahar,2018_YDS3_Ingilizce.pdf
crimean,1,2018,Yds_Sonbahar,2018_YDS3_Ingilizce.pdf
crisis,1,2018,Yds_Sonbahar,2018_YDS3_Ingilizce.pdf
criticise,1,2018,Yds_Sonbahar,2018_YDS3_Ingilizce.pdf
croatia,1,2018,Yds_Sonbahar,2018_YDS3_Ingilizce.pdf
croatian,1,2018,Yds_Sonbahar,2018_YDS3_Ingilizce.pdf
crop,1,2018,Yds_Sonbahar,2018_YDS3_Ingilizce.pdf
crowd,1,2018,Yds_Sonbahar,2018_YDS3_Ingilizce.pdf
crucial,1,2018,Yds_Sonbahar,2018_YDS3_Ingilizce.pdf
cure,1,2018,Yds_Sonbahar,2018_YDS3_Ingilizce.pdf
currently,1,2018,Yds_Sonbahar,2018_YDS3_Ingilizce.pdf
cutting,1,2018,Yds_Sonbahar,2018_YDS3_Ingilizce.pdf
cycle,1,2018,Yds_Sonbahar,2018_YDS3_Ingilizce.pdf
damage,1,2018,Yds_Sonbahar,2018_YDS3_Ingilizce.pdf
deadline,1,2018,Yds_Sonbahar,2018_YDS3_Ingilizce.pdf
debt,1,2018,Yds_Sonbahar,2018_YDS3_Ingilizce.pdf
decaying,1,2018,Yds_Sonbahar,2018_YDS3_Ingilizce.pdf
decently,1,2018,Yds_Sonbahar,2018_YDS3_Ingilizce.pdf
declared,1,2018,Yds_Sonbahar,2018_YDS3_Ingilizce.pdf
decompression,1,2018,Yds_Sonbahar,2018_YDS3_Ingilizce.pdf
deduction,1,2018,Yds_Sonbahar,2018_YDS3_Ingilizce.pdf
deeply,1,2018,Yds_Sonbahar,2018_YDS3_Ingilizce.pdf
deficit,1,2018,Yds_Sonbahar,2018_YDS3_Ingilizce.pdf
deforested,1,2018,Yds_Sonbahar,2018_YDS3_Ingilizce.pdf
dependent,1,2018,Yds_Sonbahar,2018_YDS3_Ingilizce.pdf
depicted,1,2018,Yds_Sonbahar,2018_YDS3_Ingilizce.pdf
deprivation,1,2018,Yds_Sonbahar,2018_YDS3_Ingilizce.pdf
derived,1,2018,Yds_Sonbahar,2018_YDS3_Ingilizce.pdf
designed,1,2018,Yds_Sonbahar,2018_YDS3_Ingilizce.pdf
destination,1,2018,Yds_Sonbahar,2018_YDS3_Ingilizce.pdf
destruction,1,2018,Yds_Sonbahar,2018_YDS3_Ingilizce.pdf
destructive,1,2018,Yds_Sonbahar,2018_YDS3_Ingilizce.pdf
deterioration,1,2018,Yds_Sonbahar,2018_YDS3_Ingilizce.pdf
determined,1,2018,Yds_Sonbahar,2018_YDS3_Ingilizce.pdf
detrimental,1,2018,Yds_Sonbahar,2018_YDS3_Ingilizce.pdf
develop,1,2018,Yds_Sonbahar,2018_YDS3_Ingilizce.pdf
developer,1,2018,Yds_Sonbahar,2018_YDS3_Ingilizce.pdf
develops,1,2018,Yds_Sonbahar,2018_YDS3_Ingilizce.pdf
devote,1,2018,Yds_Sonbahar,2018_YDS3_Ingilizce.pdf
devotion,1,2018,Yds_Sonbahar,2018_YDS3_Ingilizce.pdf
dialogue,1,2018,Yds_Sonbahar,2018_YDS3_Ingilizce.pdf
die,1,2018,Yds_Sonbahar,2018_YDS3_Ingilizce.pdf
dielectric,1,2018,Yds_Sonbahar,2018_YDS3_Ingilizce.pdf
diet,1,2018,Yds_Sonbahar,2018_YDS3_Ingilizce.pdf
differed,1,2018,Yds_Sonbahar,2018_YDS3_Ingilizce.pdf
differently,1,2018,Yds_Sonbahar,2018_YDS3_Ingilizce.pdf
difficulty,1,2018,Yds_Sonbahar,2018_YDS3_Ingilizce.pdf
directive,1,2018,Yds_Sonbahar,2018_YDS3_Ingilizce.pdf
directly,1,2018,Yds_Sonbahar,2018_YDS3_Ingilizce.pdf
disability,1,2018,Yds_Sonbahar,2018_YDS3_Ingilizce.pdf
disappear,1,2018,Yds_Sonbahar,2018_YDS3_Ingilizce.pdf
disappeared,1,2018,Yds_Sonbahar,2018_YDS3_Ingilizce.pdf
disappears,1,2018,Yds_Sonbahar,2018_YDS3_Ingilizce.pdf
discovered,1,2018,Yds_Sonbahar,2018_YDS3_Ingilizce.pdf
discussed,1,2018,Yds_Sonbahar,2018_YDS3_Ingilizce.pdf
disproportion,1,2018,Yds_Sonbahar,2018_YDS3_Ingilizce.pdf
disruption,1,2018,Yds_Sonbahar,2018_YDS3_Ingilizce.pdf
disruptive,1,2018,Yds_Sonbahar,2018_YDS3_Ingilizce.pdf
distinguished,1,2018,Yds_Sonbahar,2018_YDS3_Ingilizce.pdf
distribution,1,2018,Yds_Sonbahar,2018_YDS3_Ingilizce.pdf
disturbed,1,2018,Yds_Sonbahar,2018_YDS3_Ingilizce.pdf
diverse,1,2018,Yds_Sonbahar,2018_YDS3_Ingilizce.pdf
diversity,1,2018,Yds_Sonbahar,2018_YDS3_Ingilizce.pdf
diving,1,2018,Yds_Sonbahar,2018_YDS3_Ingilizce.pdf
doctor,1,2018,Yds_Sonbahar,2018_YDS3_Ingilizce.pdf
document,1,2018,Yds_Sonbahar,2018_YDS3_Ingilizce.pdf
dollar,1,2018,Yds_Sonbahar,2018_YDS3_Ingilizce.pdf
domesticate,1,2018,Yds_Sonbahar,2018_YDS3_Ingilizce.pdf
drew,1,2018,Yds_Sonbahar,2018_YDS3_Ingilizce.pdf
drinking,1,2018,Yds_Sonbahar,2018_YDS3_Ingilizce.pdf
dropped,1,2018,Yds_Sonbahar,2018_YDS3_Ingilizce.pdf
drug,1,2018,Yds_Sonbahar,2018_YDS3_Ingilizce.pdf
dry,1,2018,Yds_Sonbahar,2018_YDS3_Ingilizce.pdf
dynamic,1,2018,Yds_Sonbahar,2018_YDS3_Ingilizce.pdf
eager,1,2018,Yds_Sonbahar,2018_YDS3_Ingilizce.pdf
easily,1,2018,Yds_Sonbahar,2018_YDS3_Ingilizce.pdf
easy,1,2018,Yds_Sonbahar,2018_YDS3_Ingilizce.pdf
eaten,1,2018,Yds_Sonbahar,2018_YDS3_Ingilizce.pdf
eating,1,2018,Yds_Sonbahar,2018_YDS3_Ingilizce.pdf
eden,1,2018,Yds_Sonbahar,2018_YDS3_Ingilizce.pdf
edible,1,2018,Yds_Sonbahar,2018_YDS3_Ingilizce.pdf
edison,1,2018,Yds_Sonbahar,2018_YDS3_Ingilizce.pdf
editing,1,2018,Yds_Sonbahar,2018_YDS3_Ingilizce.pdf
elderly,1,2018,Yds_Sonbahar,2018_YDS3_Ingilizce.pdf
electric,1,2018,Yds_Sonbahar,2018_YDS3_Ingilizce.pdf
electro,1,2018,Yds_Sonbahar,2018_YDS3_Ingilizce.pdf
element,1,2018,Yds_Sonbahar,2018_YDS3_Ingilizce.pdf
eliminate,1,2018,Yds_Sonbahar,2018_YDS3_Ingilizce.pdf
elimination,1,2018,Yds_Sonbahar,2018_YDS3_Ingilizce.pdf
else,1,2018,Yds_Sonbahar,2018_YDS3_Ingilizce.pdf
emerging,1,2018,Yds_Sonbahar,2018_YDS3_Ingilizce.pdf
eminent,1,2018,Yds_Sonbahar,2018_YDS3_Ingilizce.pdf
emitted,1,2018,Yds_Sonbahar,2018_YDS3_Ingilizce.pdf
emphasis,1,2018,Yds_Sonbahar,2018_YDS3_Ingilizce.pdf
emphasise,1,2018,Yds_Sonbahar,2018_YDS3_Ingilizce.pdf
employer,1,2018,Yds_Sonbahar,2018_YDS3_Ingilizce.pdf
enable,1,2018,Yds_Sonbahar,2018_YDS3_Ingilizce.pdf
encompasses,1,2018,Yds_Sonbahar,2018_YDS3_Ingilizce.pdf
encroaching,1,2018,Yds_Sonbahar,2018_YDS3_Ingilizce.pdf
energy,1,2018,Yds_Sonbahar,2018_YDS3_Ingilizce.pdf
enforced,1,2018,Yds_Sonbahar,2018_YDS3_Ingilizce.pdf
engaged,1,2018,Yds_Sonbahar,2018_YDS3_Ingilizce.pdf
engaging,1,2018,Yds_Sonbahar,2018_YDS3_Ingilizce.pdf
engine,1,2018,Yds_Sonbahar,2018_YDS3_Ingilizce.pdf
engrossed,1,2018,Yds_Sonbahar,2018_YDS3_Ingilizce.pdf
enjoy,1,2018,Yds_Sonbahar,2018_YDS3_Ingilizce.pdf
enjoyed,1,2018,Yds_Sonbahar,2018_YDS3_Ingilizce.pdf
enormous,1,2018,Yds_Sonbahar,2018_YDS3_Ingilizce.pdf
ensued,1,2018,Yds_Sonbahar,2018_YDS3_Ingilizce.pdf
enterprise,1,2018,Yds_Sonbahar,2018_YDS3_Ingilizce.pdf
enthusiastic,1,2018,Yds_Sonbahar,2018_YDS3_Ingilizce.pdf
entire,1,2018,Yds_Sonbahar,2018_YDS3_Ingilizce.pdf
entirely,1,2018,Yds_Sonbahar,2018_YDS3_Ingilizce.pdf
equator,1,2018,Yds_Sonbahar,2018_YDS3_Ingilizce.pdf
equipment,1,2018,Yds_Sonbahar,2018_YDS3_Ingilizce.pdf
equivalent,1,2018,Yds_Sonbahar,2018_YDS3_Ingilizce.pdf
era,1,2018,Yds_Sonbahar,2018_YDS3_Ingilizce.pdf
error,1,2018,Yds_Sonbahar,2018_YDS3_Ingilizce.pdf
escape,1,2018,Yds_Sonbahar,2018_YDS3_Ingilizce.pdf
essential,1,2018,Yds_Sonbahar,2018_YDS3_Ingilizce.pdf
euphrates,1,2018,Yds_Sonbahar,2018_YDS3_Ingilizce.pdf
evidence,1,2018,Yds_Sonbahar,2018_YDS3_Ingilizce.pdf
evolved,1,2018,Yds_Sonbahar,2018_YDS3_Ingilizce.pdf
examined,1,2018,Yds_Sonbahar,2018_YDS3_Ingilizce.pdf
exceed,1,2018,Yds_Sonbahar,2018_YDS3_Ingilizce.pdf
excessive,1,2018,Yds_Sonbahar,2018_YDS3_Ingilizce.pdf
exciting,1,2018,Yds_Sonbahar,2018_YDS3_Ingilizce.pdf
exercise,1,2018,Yds_Sonbahar,2018_YDS3_Ingilizce.pdf
exhibit,1,2018,Yds_Sonbahar,2018_YDS3_Ingilizce.pdf
exhibited,1,2018,Yds_Sonbahar,2018_YDS3_Ingilizce.pdf
existed,1,2018,Yds_Sonbahar,2018_YDS3_Ingilizce.pdf
existential,1,2018,Yds_Sonbahar,2018_YDS3_Ingilizce.pdf
expand,1,2018,Yds_Sonbahar,2018_YDS3_Ingilizce.pdf
expanded,1,2018,Yds_Sonbahar,2018_YDS3_Ingilizce.pdf
expansion,1,2018,Yds_Sonbahar,2018_YDS3_Ingilizce.pdf
expectation,1,2018,Yds_Sonbahar,2018_YDS3_Ingilizce.pdf
expected,1,2018,Yds_Sonbahar,2018_YDS3_Ingilizce.pdf
expecting,1,2018,Yds_Sonbahar,2018_YDS3_Ingilizce.pdf
experiencing,1,2018,Yds_Sonbahar,2018_YDS3_Ingilizce.pdf
explain,1,2018,Yds_Sonbahar,2018_YDS3_Ingilizce.pdf
explode,1,2018,Yds_Sonbahar,2018_YDS3_Ingilizce.pdf
exploit,1,2018,Yds_Sonbahar,2018_YDS3_Ingilizce.pdf
exploitation,1,2018,Yds_Sonbahar,2018_YDS3_Ingilizce.pdf
exploration,1,2018,Yds_Sonbahar,2018_YDS3_Ingilizce.pdf
explore,1,2018,Yds_Sonbahar,2018_YDS3_Ingilizce.pdf
express,1,2018,Yds_Sonbahar,2018_YDS3_Ingilizce.pdf
extensive,1,2018,Yds_Sonbahar,2018_YDS3_Ingilizce.pdf
extensively,1,2018,Yds_Sonbahar,2018_YDS3_Ingilizce.pdf
extinct,1,2018,Yds_Sonbahar,2018_YDS3_Ingilizce.pdf
extreme,1,2018,Yds_Sonbahar,2018_YDS3_Ingilizce.pdf
eye,1,2018,Yds_Sonbahar,2018_YDS3_Ingilizce.pdf
face,1,2018,Yds_Sonbahar,2018_YDS3_Ingilizce.pdf
facing,1,2018,Yds_Sonbahar,2018_YDS3_Ingilizce.pdf
failure,1,2018,Yds_Sonbahar,2018_YDS3_Ingilizce.pdf
fairly,1,2018,Yds_Sonbahar,2018_YDS3_Ingilizce.pdf
fame,1,2018,Yds_Sonbahar,2018_YDS3_Ingilizce.pdf
famous,1,2018,Yds_Sonbahar,2018_YDS3_Ingilizce.pdf
fascinating,1,2018,Yds_Sonbahar,2018_YDS3_Ingilizce.pdf
fast,1,2018,Yds_Sonbahar,2018_YDS3_Ingilizce.pdf
father,1,2018,Yds_Sonbahar,2018_YDS3_Ingilizce.pdf
favoured,1,2018,Yds_Sonbahar,2018_YDS3_Ingilizce.pdf
feasted,1,2018,Yds_Sonbahar,2018_YDS3_Ingilizce.pdf
feature,1,2018,Yds_Sonbahar,2018_YDS3_Ingilizce.pdf
federal,1,2018,Yds_Sonbahar,2018_YDS3_Ingilizce.pdf
feed,1,2018,Yds_Sonbahar,2018_YDS3_Ingilizce.pdf
feeding,1,2018,Yds_Sonbahar,2018_YDS3_Ingilizce.pdf
field,1,2018,Yds_Sonbahar,2018_YDS3_Ingilizce.pdf
fighting,1,2018,Yds_Sonbahar,2018_YDS3_Ingilizce.pdf
figure,1,2018,Yds_Sonbahar,2018_YDS3_Ingilizce.pdf
film,1,2018,Yds_Sonbahar,2018_YDS3_Ingilizce.pdf
finally,1,2018,Yds_Sonbahar,2018_YDS3_Ingilizce.pdf
financially,1,2018,Yds_Sonbahar,2018_YDS3_Ingilizce.pdf
fine,1,2018,Yds_Sonbahar,2018_YDS3_Ingilizce.pdf
firing,1,2018,Yds_Sonbahar,2018_YDS3_Ingilizce.pdf
fishing,1,2018,Yds_Sonbahar,2018_YDS3_Ingilizce.pdf
fix,1,2018,Yds_Sonbahar,2018_YDS3_Ingilizce.pdf
fleet,1,2018,Yds_Sonbahar,2018_YDS3_Ingilizce.pdf
florence,1,2018,Yds_Sonbahar,2018_YDS3_Ingilizce.pdf
flourished,1,2018,Yds_Sonbahar,2018_YDS3_Ingilizce.pdf
folk,1,2018,Yds_Sonbahar,2018_YDS3_Ingilizce.pdf
followed,1,2018,Yds_Sonbahar,2018_YDS3_Ingilizce.pdf
foraging,1,2018,Yds_Sonbahar,2018_YDS3_Ingilizce.pdf
force,1,2018,Yds_Sonbahar,2018_YDS3_Ingilizce.pdf
forget,1,2018,Yds_Sonbahar,2018_YDS3_Ingilizce.pdf
format,1,2018,Yds_Sonbahar,2018_YDS3_Ingilizce.pdf
former,1,2018,Yds_Sonbahar,2018_YDS3_Ingilizce.pdf
fragile,1,2018,Yds_Sonbahar,2018_YDS3_Ingilizce.pdf
fragrance,1,2018,Yds_Sonbahar,2018_YDS3_Ingilizce.pdf
francis,1,2018,Yds_Sonbahar,2018_YDS3_Ingilizce.pdf
frequent,1,2018,Yds_Sonbahar,2018_YDS3_Ingilizce.pdf
frequently,1,2018,Yds_Sonbahar,2018_YDS3_Ingilizce.pdf
friendly,1,2018,Yds_Sonbahar,2018_YDS3_Ingilizce.pdf
frustrating,1,2018,Yds_Sonbahar,2018_YDS3_Ingilizce.pdf
fulfil,1,2018,Yds_Sonbahar,2018_YDS3_Ingilizce.pdf
function,1,2018,Yds_Sonbahar,2018_YDS3_Ingilizce.pdf
functioning,1,2018,Yds_Sonbahar,2018_YDS3_Ingilizce.pdf
gadget,1,2018,Yds_Sonbahar,2018_YDS3_Ingilizce.pdf
gain,1,2018,Yds_Sonbahar,2018_YDS3_Ingilizce.pdf
gas,1,2018,Yds_Sonbahar,2018_YDS3_Ingilizce.pdf
gatherer,1,2018,Yds_Sonbahar,2018_YDS3_Ingilizce.pdf
gathering,1,2018,Yds_Sonbahar,2018_YDS3_Ingilizce.pdf
genetic,1,2018,Yds_Sonbahar,2018_YDS3_Ingilizce.pdf
geodynamics,1,2018,Yds_Sonbahar,2018_YDS3_Ingilizce.pdf
geographical,1,2018,Yds_Sonbahar,2018_YDS3_Ingilizce.pdf
geological,1,2018,Yds_Sonbahar,2018_YDS3_Ingilizce.pdf
giant,1,2018,Yds_Sonbahar,2018_YDS3_Ingilizce.pdf
gift,1,2018,Yds_Sonbahar,2018_YDS3_Ingilizce.pdf
glad,1,2018,Yds_Sonbahar,2018_YDS3_Ingilizce.pdf
glass,1,2018,Yds_Sonbahar,2018_YDS3_Ingilizce.pdf
glinka,1,2018,Yds_Sonbahar,2018_YDS3_Ingilizce.pdf
global,1,2018,Yds_Sonbahar,2018_YDS3_Ingilizce.pdf
glow,1,2018,Yds_Sonbahar,2018_YDS3_Ingilizce.pdf
god,1,2018,Yds_Sonbahar,2018_YDS3_Ingilizce.pdf
goddess,1,2018,Yds_Sonbahar,2018_YDS3_Ingilizce.pdf
government,1,2018,Yds_Sonbahar,2018_YDS3_Ingilizce.pdf
graceful,1,2018,Yds_Sonbahar,2018_YDS3_Ingilizce.pdf
gradual,1,2018,Yds_Sonbahar,2018_YDS3_Ingilizce.pdf
gradually,1,2018,Yds_Sonbahar,2018_YDS3_Ingilizce.pdf
grant,1,2018,Yds_Sonbahar,2018_YDS3_Ingilizce.pdf
grow,1,2018,Yds_Sonbahar,2018_YDS3_Ingilizce.pdf
guaranteed,1,2018,Yds_Sonbahar,2018_YDS3_Ingilizce.pdf
guide,1,2018,Yds_Sonbahar,2018_YDS3_Ingilizce.pdf
habit,1,2018,Yds_Sonbahar,2018_YDS3_Ingilizce.pdf
habitable,1,2018,Yds_Sonbahar,2018_YDS3_Ingilizce.pdf
habitual,1,2018,Yds_Sonbahar,2018_YDS3_Ingilizce.pdf
handling,1,2018,Yds_Sonbahar,2018_YDS3_Ingilizce.pdf
happens,1,2018,Yds_Sonbahar,2018_YDS3_Ingilizce.pdf
happiness,1,2018,Yds_Sonbahar,2018_YDS3_Ingilizce.pdf
hard,1,2018,Yds_Sonbahar,2018_YDS3_Ingilizce.pdf
hardly,1,2018,Yds_Sonbahar,2018_YDS3_Ingilizce.pdf
hardness,1,2018,Yds_Sonbahar,2018_YDS3_Ingilizce.pdf
harm,1,2018,Yds_Sonbahar,2018_YDS3_Ingilizce.pdf
harvesting,1,2018,Yds_Sonbahar,2018_YDS3_Ingilizce.pdf
healing,1,2018,Yds_Sonbahar,2018_YDS3_Ingilizce.pdf
hearing,1,2018,Yds_Sonbahar,2018_YDS3_Ingilizce.pdf
heat,1,2018,Yds_Sonbahar,2018_YDS3_Ingilizce.pdf
heating,1,2018,Yds_Sonbahar,2018_YDS3_Ingilizce.pdf
heavier,1,2018,Yds_Sonbahar,2018_YDS3_Ingilizce.pdf
heavy,1,2018,Yds_Sonbahar,2018_YDS3_Ingilizce.pdf
height,1,2018,Yds_Sonbahar,2018_YDS3_Ingilizce.pdf
helped,1,2018,Yds_Sonbahar,2018_YDS3_Ingilizce.pdf
helping,1,2018,Yds_Sonbahar,2018_YDS3_Ingilizce.pdf
heralded,1,2018,Yds_Sonbahar,2018_YDS3_Ingilizce.pdf
hero,1,2018,Yds_Sonbahar,2018_YDS3_Ingilizce.pdf
hidden,1,2018,Yds_Sonbahar,2018_YDS3_Ingilizce.pdf
hide,1,2018,Yds_Sonbahar,2018_YDS3_Ingilizce.pdf
hindered,1,2018,Yds_Sonbahar,2018_YDS3_Ingilizce.pdf
homogenising,1,2018,Yds_Sonbahar,2018_YDS3_Ingilizce.pdf
hormone,1,2018,Yds_Sonbahar,2018_YDS3_Ingilizce.pdf
horrific,1,2018,Yds_Sonbahar,2018_YDS3_Ingilizce.pdf
horrified,1,2018,Yds_Sonbahar,2018_YDS3_Ingilizce.pdf
horrifying,1,2018,Yds_Sonbahar,2018_YDS3_Ingilizce.pdf
hot,1,2018,Yds_Sonbahar,2018_YDS3_Ingilizce.pdf
hour,1,2018,Yds_Sonbahar,2018_YDS3_Ingilizce.pdf
humanity,1,2018,Yds_Sonbahar,2018_YDS3_Ingilizce.pdf
humble,1,2018,Yds_Sonbahar,2018_YDS3_Ingilizce.pdf
humiliation,1,2018,Yds_Sonbahar,2018_YDS3_Ingilizce.pdf
hundred,1,2018,Yds_Sonbahar,2018_YDS3_Ingilizce.pdf
hunt,1,2018,Yds_Sonbahar,2018_YDS3_Ingilizce.pdf
hydrogen,1,2018,Yds_Sonbahar,2018_YDS3_Ingilizce.pdf
hyperactivity,1,2018,Yds_Sonbahar,2018_YDS3_Ingilizce.pdf
idea,1,2018,Yds_Sonbahar,2018_YDS3_Ingilizce.pdf
ideal,1,2018,Yds_Sonbahar,2018_YDS3_Ingilizce.pdf
idealised,1,2018,Yds_Sonbahar,2018_YDS3_Ingilizce.pdf
identified,1,2018,Yds_Sonbahar,2018_YDS3_Ingilizce.pdf
identify,1,2018,Yds_Sonbahar,2018_YDS3_Ingilizce.pdf
identity,1,2018,Yds_Sonbahar,2018_YDS3_Ingilizce.pdf
ignore,1,2018,Yds_Sonbahar,2018_YDS3_Ingilizce.pdf
ignored,1,2018,Yds_Sonbahar,2018_YDS3_Ingilizce.pdf
illiterate,1,2018,Yds_Sonbahar,2018_YDS3_Ingilizce.pdf
imagination,1,2018,Yds_Sonbahar,2018_YDS3_Ingilizce.pdf
imagine,1,2018,Yds_Sonbahar,2018_YDS3_Ingilizce.pdf
imagining,1,2018,Yds_Sonbahar,2018_YDS3_Ingilizce.pdf
implication,1,2018,Yds_Sonbahar,2018_YDS3_Ingilizce.pdf
impressive,1,2018,Yds_Sonbahar,2018_YDS3_Ingilizce.pdf
improve,1,2018,Yds_Sonbahar,2018_YDS3_Ingilizce.pdf
improvement,1,2018,Yds_Sonbahar,2018_YDS3_Ingilizce.pdf
incalculable,1,2018,Yds_Sonbahar,2018_YDS3_Ingilizce.pdf
incense,1,2018,Yds_Sonbahar,2018_YDS3_Ingilizce.pdf
incentive,1,2018,Yds_Sonbahar,2018_YDS3_Ingilizce.pdf
inconsistent,1,2018,Yds_Sonbahar,2018_YDS3_Ingilizce.pdf
increasing,1,2018,Yds_Sonbahar,2018_YDS3_Ingilizce.pdf
independently,1,2018,Yds_Sonbahar,2018_YDS3_Ingilizce.pdf
indication,1,2018,Yds_Sonbahar,2018_YDS3_Ingilizce.pdf
indigenous,1,2018,Yds_Sonbahar,2018_YDS3_Ingilizce.pdf
inductive,1,2018,Yds_Sonbahar,2018_YDS3_Ingilizce.pdf
ineffective,1,2018,Yds_Sonbahar,2018_YDS3_Ingilizce.pdf
inferred,1,2018,Yds_Sonbahar,2018_YDS3_Ingilizce.pdf
information,1,2018,Yds_Sonbahar,2018_YDS3_Ingilizce.pdf
informed,1,2018,Yds_Sonbahar,2018_YDS3_Ingilizce.pdf
ingenuity,1,2018,Yds_Sonbahar,2018_YDS3_Ingilizce.pdf
initial,1,2018,Yds_Sonbahar,2018_YDS3_Ingilizce.pdf
initiated,1,2018,Yds_Sonbahar,2018_YDS3_Ingilizce.pdf
innate,1,2018,Yds_Sonbahar,2018_YDS3_Ingilizce.pdf
inorganic,1,2018,Yds_Sonbahar,2018_YDS3_Ingilizce.pdf
inside,1,2018,Yds_Sonbahar,2018_YDS3_Ingilizce.pdf
insisted,1,2018,Yds_Sonbahar,2018_YDS3_Ingilizce.pdf
inspiration,1,2018,Yds_Sonbahar,2018_YDS3_Ingilizce.pdf
inspiring,1,2018,Yds_Sonbahar,2018_YDS3_Ingilizce.pdf
installed,1,2018,Yds_Sonbahar,2018_YDS3_Ingilizce.pdf
instinct,1,2018,Yds_Sonbahar,2018_YDS3_Ingilizce.pdf
instrumental,1,2018,Yds_Sonbahar,2018_YDS3_Ingilizce.pdf
insurance,1,2018,Yds_Sonbahar,2018_YDS3_Ingilizce.pdf
integrated,1,2018,Yds_Sonbahar,2018_YDS3_Ingilizce.pdf
intellectual,1,2018,Yds_Sonbahar,2018_YDS3_Ingilizce.pdf
intelligence,1,2018,Yds_Sonbahar,2018_YDS3_Ingilizce.pdf
intention,1,2018,Yds_Sonbahar,2018_YDS3_Ingilizce.pdf
interaction,1,2018,Yds_Sonbahar,2018_YDS3_Ingilizce.pdf
interesting,1,2018,Yds_Sonbahar,2018_YDS3_Ingilizce.pdf
internalised,1,2018,Yds_Sonbahar,2018_YDS3_Ingilizce.pdf
internalising,1,2018,Yds_Sonbahar,2018_YDS3_Ingilizce.pdf
interpersonal,1,2018,Yds_Sonbahar,2018_YDS3_Ingilizce.pdf
interpretation,1,2018,Yds_Sonbahar,2018_YDS3_Ingilizce.pdf
interpreted,1,2018,Yds_Sonbahar,2018_YDS3_Ingilizce.pdf
intrigued,1,2018,Yds_Sonbahar,2018_YDS3_Ingilizce.pdf
introduced,1,2018,Yds_Sonbahar,2018_YDS3_Ingilizce.pdf
intuitively,1,2018,Yds_Sonbahar,2018_YDS3_Ingilizce.pdf
invention,1,2018,Yds_Sonbahar,2018_YDS3_Ingilizce.pdf
invest,1,2018,Yds_Sonbahar,2018_YDS3_Ingilizce.pdf
involve,1,2018,Yds_Sonbahar,2018_YDS3_Ingilizce.pdf
involved,1,2018,Yds_Sonbahar,2018_YDS3_Ingilizce.pdf
involves,1,2018,Yds_Sonbahar,2018_YDS3_Ingilizce.pdf
ironically,1,2018,Yds_Sonbahar,2018_YDS3_Ingilizce.pdf
irrelevant,1,2018,Yds_Sonbahar,2018_YDS3_Ingilizce.pdf
isolated,1,2018,Yds_Sonbahar,2018_YDS3_Ingilizce.pdf
jeopardised,1,2018,Yds_Sonbahar,2018_YDS3_Ingilizce.pdf
joined,1,2018,Yds_Sonbahar,2018_YDS3_Ingilizce.pdf
juliet,1,2018,Yds_Sonbahar,2018_YDS3_Ingilizce.pdf
kan,1,2018,Yds_Sonbahar,2018_YDS3_Ingilizce.pdf
keeping,1,2018,Yds_Sonbahar,2018_YDS3_Ingilizce.pdf
kept,1,2018,Yds_Sonbahar,2018_YDS3_Ingilizce.pdf
kilometer,1,2018,Yds_Sonbahar,2018_YDS3_Ingilizce.pdf
king,1,2018,Yds_Sonbahar,2018_YDS3_Ingilizce.pdf
knew,1,2018,Yds_Sonbahar,2018_YDS3_Ingilizce.pdf
knowledgeable,1,2018,Yds_Sonbahar,2018_YDS3_Ingilizce.pdf
kuwait,1,2018,Yds_Sonbahar,2018_YDS3_Ingilizce.pdf
labelled,1,2018,Yds_Sonbahar,2018_YDS3_Ingilizce.pdf
laboratory,1,2018,Yds_Sonbahar,2018_YDS3_Ingilizce.pdf
lack,1,2018,Yds_Sonbahar,2018_YDS3_Ingilizce.pdf
lady,1,2018,Yds_Sonbahar,2018_YDS3_Ingilizce.pdf
lamp,1,2018,Yds_Sonbahar,2018_YDS3_Ingilizce.pdf
largely,1,2018,Yds_Sonbahar,2018_YDS3_Ingilizce.pdf
larger,1,2018,Yds_Sonbahar,2018_YDS3_Ingilizce.pdf
lawn,1,2018,Yds_Sonbahar,2018_YDS3_Ingilizce.pdf
learned,1,2018,Yds_Sonbahar,2018_YDS3_Ingilizce.pdf
least,1,2018,Yds_Sonbahar,2018_YDS3_Ingilizce.pdf
legend,1,2018,Yds_Sonbahar,2018_YDS3_Ingilizce.pdf
legislation,1,2018,Yds_Sonbahar,2018_YDS3_Ingilizce.pdf
liable,1,2018,Yds_Sonbahar,2018_YDS3_Ingilizce.pdf
light,1,2018,Yds_Sonbahar,2018_YDS3_Ingilizce.pdf
lighting,1,2018,Yds_Sonbahar,2018_YDS3_Ingilizce.pdf
limitation,1,2018,Yds_Sonbahar,2018_YDS3_Ingilizce.pdf
limited,1,2018,Yds_Sonbahar,2018_YDS3_Ingilizce.pdf
linguist,1,2018,Yds_Sonbahar,2018_YDS3_Ingilizce.pdf
liquid,1,2018,Yds_Sonbahar,2018_YDS3_Ingilizce.pdf
listed,1,2018,Yds_Sonbahar,2018_YDS3_Ingilizce.pdf
literally,1,2018,Yds_Sonbahar,2018_YDS3_Ingilizce.pdf
little,1,2018,Yds_Sonbahar,2018_YDS3_Ingilizce.pdf
lively,1,2018,Yds_Sonbahar,2018_YDS3_Ingilizce.pdf
logging,1,2018,Yds_Sonbahar,2018_YDS3_Ingilizce.pdf
logic,1,2018,Yds_Sonbahar,2018_YDS3_Ingilizce.pdf
london,1,2018,Yds_Sonbahar,2018_YDS3_Ingilizce.pdf
loosely,1,2018,Yds_Sonbahar,2018_YDS3_Ingilizce.pdf
loss,1,2018,Yds_Sonbahar,2018_YDS3_Ingilizce.pdf
lost,1,2018,Yds_Sonbahar,2018_YDS3_Ingilizce.pdf
lot,1,2018,Yds_Sonbahar,2018_YDS3_Ingilizce.pdf
luckily,1,2018,Yds_Sonbahar,2018_YDS3_Ingilizce.pdf
lunchtime,1,2018,Yds_Sonbahar,2018_YDS3_Ingilizce.pdf
lung,1,2018,Yds_Sonbahar,2018_YDS3_Ingilizce.pdf
lying,1,2018,Yds_Sonbahar,2018_YDS3_Ingilizce.pdf
lyrical,1,2018,Yds_Sonbahar,2018_YDS3_Ingilizce.pdf
magical,1,2018,Yds_Sonbahar,2018_YDS3_Ingilizce.pdf
magically,1,2018,Yds_Sonbahar,2018_YDS3_Ingilizce.pdf
magnitude,1,2018,Yds_Sonbahar,2018_YDS3_Ingilizce.pdf
mainly,1,2018,Yds_Sonbahar,2018_YDS3_Ingilizce.pdf
maintain,1,2018,Yds_Sonbahar,2018_YDS3_Ingilizce.pdf
maintaining,1,2018,Yds_Sonbahar,2018_YDS3_Ingilizce.pdf
major,1,2018,Yds_Sonbahar,2018_YDS3_Ingilizce.pdf
mali,1,2018,Yds_Sonbahar,2018_YDS3_Ingilizce.pdf
manage,1,2018,Yds_Sonbahar,2018_YDS3_Ingilizce.pdf
management,1,2018,Yds_Sonbahar,2018_YDS3_Ingilizce.pdf
managing,1,2018,Yds_Sonbahar,2018_YDS3_Ingilizce.pdf
mandatory,1,2018,Yds_Sonbahar,2018_YDS3_Ingilizce.pdf
manipulation,1,2018,Yds_Sonbahar,2018_YDS3_Ingilizce.pdf
mankind,1,2018,Yds_Sonbahar,2018_YDS3_Ingilizce.pdf
marche,1,2018,Yds_Sonbahar,2018_YDS3_Ingilizce.pdf
margaret,1,2018,Yds_Sonbahar,2018_YDS3_Ingilizce.pdf
margin,1,2018,Yds_Sonbahar,2018_YDS3_Ingilizce.pdf
marion,1,2018,Yds_Sonbahar,2018_YDS3_Ingilizce.pdf
martian,1,2018,Yds_Sonbahar,2018_YDS3_Ingilizce.pdf
mass,1,2018,Yds_Sonbahar,2018_YDS3_Ingilizce.pdf
massive,1,2018,Yds_Sonbahar,2018_YDS3_Ingilizce.pdf
master,1,2018,Yds_Sonbahar,2018_YDS3_Ingilizce.pdf
matter,1,2018,Yds_Sonbahar,2018_YDS3_Ingilizce.pdf
meadow,1,2018,Yds_Sonbahar,2018_YDS3_Ingilizce.pdf
mechanical,1,2018,Yds_Sonbahar,2018_YDS3_Ingilizce.pdf
medical,1,2018,Yds_Sonbahar,2018_YDS3_Ingilizce.pdf
medication,1,2018,Yds_Sonbahar,2018_YDS3_Ingilizce.pdf
meditation,1,2018,Yds_Sonbahar,2018_YDS3_Ingilizce.pdf
medium,1,2018,Yds_Sonbahar,2018_YDS3_Ingilizce.pdf
men,1,2018,Yds_Sonbahar,2018_YDS3_Ingilizce.pdf
mentioned,1,2018,Yds_Sonbahar,2018_YDS3_Ingilizce.pdf
mesopotamia,1,2018,Yds_Sonbahar,2018_YDS3_Ingilizce.pdf
message,1,2018,Yds_Sonbahar,2018_YDS3_Ingilizce.pdf
metallic,1,2018,Yds_Sonbahar,2018_YDS3_Ingilizce.pdf
meter,1,2018,Yds_Sonbahar,2018_YDS3_Ingilizce.pdf
micronesia,1,2018,Yds_Sonbahar,2018_YDS3_Ingilizce.pdf
middle,1,2018,Yds_Sonbahar,2018_YDS3_Ingilizce.pdf
migrating,1,2018,Yds_Sonbahar,2018_YDS3_Ingilizce.pdf
migration,1,2018,Yds_Sonbahar,2018_YDS3_Ingilizce.pdf
mile,1,2018,Yds_Sonbahar,2018_YDS3_Ingilizce.pdf
millennium,1,2018,Yds_Sonbahar,2018_YDS3_Ingilizce.pdf
minded,1,2018,Yds_Sonbahar,2018_YDS3_Ingilizce.pdf
mine,1,2018,Yds_Sonbahar,2018_YDS3_Ingilizce.pdf
mineral,1,2018,Yds_Sonbahar,2018_YDS3_Ingilizce.pdf
minimally,1,2018,Yds_Sonbahar,2018_YDS3_Ingilizce.pdf
miss,1,2018,Yds_Sonbahar,2018_YDS3_Ingilizce.pdf
missing,1,2018,Yds_Sonbahar,2018_YDS3_Ingilizce.pdf
mississippi,1,2018,Yds_Sonbahar,2018_YDS3_Ingilizce.pdf
mold,1,2018,Yds_Sonbahar,2018_YDS3_Ingilizce.pdf
moral,1,2018,Yds_Sonbahar,2018_YDS3_Ingilizce.pdf
mortality,1,2018,Yds_Sonbahar,2018_YDS3_Ingilizce.pdf
motivation,1,2018,Yds_Sonbahar,2018_YDS3_Ingilizce.pdf
move,1,2018,Yds_Sonbahar,2018_YDS3_Ingilizce.pdf
mower,1,2018,Yds_Sonbahar,2018_YDS3_Ingilizce.pdf
mozart,1,2018,Yds_Sonbahar,2018_YDS3_Ingilizce.pdf
multilingual,1,2018,Yds_Sonbahar,2018_YDS3_Ingilizce.pdf
mysterious,1,2018,Yds_Sonbahar,2018_YDS3_Ingilizce.pdf
name,1,2018,Yds_Sonbahar,2018_YDS3_Ingilizce.pdf
namesake,1,2018,Yds_Sonbahar,2018_YDS3_Ingilizce.pdf
nantes,1,2018,Yds_Sonbahar,2018_YDS3_Ingilizce.pdf
nathaniel,1,2018,Yds_Sonbahar,2018_YDS3_Ingilizce.pdf
native,1,2018,Yds_Sonbahar,2018_YDS3_Ingilizce.pdf
nature,1,2018,Yds_Sonbahar,2018_YDS3_Ingilizce.pdf
naval,1,2018,Yds_Sonbahar,2018_YDS3_Ingilizce.pdf
navigational,1,2018,Yds_Sonbahar,2018_YDS3_Ingilizce.pdf
nearby,1,2018,Yds_Sonbahar,2018_YDS3_Ingilizce.pdf
neck,1,2018,Yds_Sonbahar,2018_YDS3_Ingilizce.pdf
necktie,1,2018,Yds_Sonbahar,2018_YDS3_Ingilizce.pdf
neckwear,1,2018,Yds_Sonbahar,2018_YDS3_Ingilizce.pdf
needed,1,2018,Yds_Sonbahar,2018_YDS3_Ingilizce.pdf
nervous,1,2018,Yds_Sonbahar,2018_YDS3_Ingilizce.pdf
never,1,2018,Yds_Sonbahar,2018_YDS3_Ingilizce.pdf
night,1,2018,Yds_Sonbahar,2018_YDS3_Ingilizce.pdf
nightingale,1,2018,Yds_Sonbahar,2018_YDS3_Ingilizce.pdf
noble,1,2018,Yds_Sonbahar,2018_YDS3_Ingilizce.pdf
nobody,1,2018,Yds_Sonbahar,2018_YDS3_Ingilizce.pdf
noon,1,2018,Yds_Sonbahar,2018_YDS3_Ingilizce.pdf
normalised,1,2018,Yds_Sonbahar,2018_YDS3_Ingilizce.pdf
north,1,2018,Yds_Sonbahar,2018_YDS3_Ingilizce.pdf
note,1,2018,Yds_Sonbahar,2018_YDS3_Ingilizce.pdf
noteworthy,1,2018,Yds_Sonbahar,2018_YDS3_Ingilizce.pdf
nowhere,1,2018,Yds_Sonbahar,2018_YDS3_Ingilizce.pdf
nuclear,1,2018,Yds_Sonbahar,2018_YDS3_Ingilizce.pdf
nung,1,2018,Yds_Sonbahar,2018_YDS3_Ingilizce.pdf
nurse,1,2018,Yds_Sonbahar,2018_YDS3_Ingilizce.pdf
nutcracker,1,2018,Yds_Sonbahar,2018_YDS3_Ingilizce.pdf
nutrition,1,2018,Yds_Sonbahar,2018_YDS3_Ingilizce.pdf
obese,1,2018,Yds_Sonbahar,2018_YDS3_Ingilizce.pdf
object,1,2018,Yds_Sonbahar,2018_YDS3_Ingilizce.pdf
objection,1,2018,Yds_Sonbahar,2018_YDS3_Ingilizce.pdf
observation,1,2018,Yds_Sonbahar,2018_YDS3_Ingilizce.pdf
obvious,1,2018,Yds_Sonbahar,2018_YDS3_Ingilizce.pdf
obviously,1,2018,Yds_Sonbahar,2018_YDS3_Ingilizce.pdf
occupied,1,2018,Yds_Sonbahar,2018_YDS3_Ingilizce.pdf
occur,1,2018,Yds_Sonbahar,2018_YDS3_Ingilizce.pdf
offensively,1,2018,Yds_Sonbahar,2018_YDS3_Ingilizce.pdf
offer,1,2018,Yds_Sonbahar,2018_YDS3_Ingilizce.pdf
ointment,1,2018,Yds_Sonbahar,2018_YDS3_Ingilizce.pdf
old,1,2018,Yds_Sonbahar,2018_YDS3_Ingilizce.pdf
ongoing,1,2018,Yds_Sonbahar,2018_YDS3_Ingilizce.pdf
open,1,2018,Yds_Sonbahar,2018_YDS3_Ingilizce.pdf
opposed,1,2018,Yds_Sonbahar,2018_YDS3_Ingilizce.pdf
opposite,1,2018,Yds_Sonbahar,2018_YDS3_Ingilizce.pdf
optimal,1,2018,Yds_Sonbahar,2018_YDS3_Ingilizce.pdf
orbit,1,2018,Yds_Sonbahar,2018_YDS3_Ingilizce.pdf
orchestral,1,2018,Yds_Sonbahar,2018_YDS3_Ingilizce.pdf
orchestration,1,2018,Yds_Sonbahar,2018_YDS3_Ingilizce.pdf
organic,1,2018,Yds_Sonbahar,2018_YDS3_Ingilizce.pdf
organum,1,2018,Yds_Sonbahar,2018_YDS3_Ingilizce.pdf
oriented,1,2018,Yds_Sonbahar,2018_YDS3_Ingilizce.pdf
origin,1,2018,Yds_Sonbahar,2018_YDS3_Ingilizce.pdf
original,1,2018,Yds_Sonbahar,2018_YDS3_Ingilizce.pdf
overall,1,2018,Yds_Sonbahar,2018_YDS3_Ingilizce.pdf
overture,1,2018,Yds_Sonbahar,2018_YDS3_Ingilizce.pdf
owner,1,2018,Yds_Sonbahar,2018_YDS3_Ingilizce.pdf
packaging,1,2018,Yds_Sonbahar,2018_YDS3_Ingilizce.pdf
pain,1,2018,Yds_Sonbahar,2018_YDS3_Ingilizce.pdf
paris,1,2018,Yds_Sonbahar,2018_YDS3_Ingilizce.pdf
particular,1,2018,Yds_Sonbahar,2018_YDS3_Ingilizce.pdf
patient,1,2018,Yds_Sonbahar,2018_YDS3_Ingilizce.pdf
pennsylvania,1,2018,Yds_Sonbahar,2018_YDS3_Ingilizce.pdf
percentage,1,2018,Yds_Sonbahar,2018_YDS3_Ingilizce.pdf
perfectly,1,2018,Yds_Sonbahar,2018_YDS3_Ingilizce.pdf
personal,1,2018,Yds_Sonbahar,2018_YDS3_Ingilizce.pdf
perspective,1,2018,Yds_Sonbahar,2018_YDS3_Ingilizce.pdf
persuasive,1,2018,Yds_Sonbahar,2018_YDS3_Ingilizce.pdf
peru,1,2018,Yds_Sonbahar,2018_YDS3_Ingilizce.pdf
pessimistic,1,2018,Yds_Sonbahar,2018_YDS3_Ingilizce.pdf
pet,1,2018,Yds_Sonbahar,2018_YDS3_Ingilizce.pdf
petersburg,1,2018,Yds_Sonbahar,2018_YDS3_Ingilizce.pdf
pharmaceutical,1,2018,Yds_Sonbahar,2018_YDS3_Ingilizce.pdf
phase,1,2018,Yds_Sonbahar,2018_YDS3_Ingilizce.pdf
phenomenon,1,2018,Yds_Sonbahar,2018_YDS3_Ingilizce.pdf
philosopher,1,2018,Yds_Sonbahar,2018_YDS3_Ingilizce.pdf
photo,1,2018,Yds_Sonbahar,2018_YDS3_Ingilizce.pdf
physiologically,1,2018,Yds_Sonbahar,2018_YDS3_Ingilizce.pdf
pianist,1,2018,Yds_Sonbahar,2018_YDS3_Ingilizce.pdf
pick,1,2018,Yds_Sonbahar,2018_YDS3_Ingilizce.pdf
picked,1,2018,Yds_Sonbahar,2018_YDS3_Ingilizce.pdf
pigeon,1,2018,Yds_Sonbahar,2018_YDS3_Ingilizce.pdf
plane,1,2018,Yds_Sonbahar,2018_YDS3_Ingilizce.pdf
planetology,1,2018,Yds_Sonbahar,2018_YDS3_Ingilizce.pdf
planting,1,2018,Yds_Sonbahar,2018_YDS3_Ingilizce.pdf
plato,1,2018,Yds_Sonbahar,2018_YDS3_Ingilizce.pdf
play,1,2018,Yds_Sonbahar,2018_YDS3_Ingilizce.pdf
pleasing,1,2018,Yds_Sonbahar,2018_YDS3_Ingilizce.pdf
plunged,1,2018,Yds_Sonbahar,2018_YDS3_Ingilizce.pdf
poem,1,2018,Yds_Sonbahar,2018_YDS3_Ingilizce.pdf
polyethylene,1,2018,Yds_Sonbahar,2018_YDS3_Ingilizce.pdf
polynesia,1,2018,Yds_Sonbahar,2018_YDS3_Ingilizce.pdf
ponder,1,2018,Yds_Sonbahar,2018_YDS3_Ingilizce.pdf
popular,1,2018,Yds_Sonbahar,2018_YDS3_Ingilizce.pdf
popularity,1,2018,Yds_Sonbahar,2018_YDS3_Ingilizce.pdf
possess,1,2018,Yds_Sonbahar,2018_YDS3_Ingilizce.pdf
potential,1,2018,Yds_Sonbahar,2018_YDS3_Ingilizce.pdf
potentially,1,2018,Yds_Sonbahar,2018_YDS3_Ingilizce.pdf
pottery,1,2018,Yds_Sonbahar,2018_YDS3_Ingilizce.pdf
practise,1,2018,Yds_Sonbahar,2018_YDS3_Ingilizce.pdf
practised,1,2018,Yds_Sonbahar,2018_YDS3_Ingilizce.pdf
practising,1,2018,Yds_Sonbahar,2018_YDS3_Ingilizce.pdf
preclude,1,2018,Yds_Sonbahar,2018_YDS3_Ingilizce.pdf
predation,1,2018,Yds_Sonbahar,2018_YDS3_Ingilizce.pdf
predator,1,2018,Yds_Sonbahar,2018_YDS3_Ingilizce.pdf
prediction,1,2018,Yds_Sonbahar,2018_YDS3_Ingilizce.pdf
prescriptive,1,2018,Yds_Sonbahar,2018_YDS3_Ingilizce.pdf
present,1,2018,Yds_Sonbahar,2018_YDS3_Ingilizce.pdf
presented,1,2018,Yds_Sonbahar,2018_YDS3_Ingilizce.pdf
preservative,1,2018,Yds_Sonbahar,2018_YDS3_Ingilizce.pdf
preserve,1,2018,Yds_Sonbahar,2018_YDS3_Ingilizce.pdf
preserving,1,2018,Yds_Sonbahar,2018_YDS3_Ingilizce.pdf
prevalence,1,2018,Yds_Sonbahar,2018_YDS3_Ingilizce.pdf
prevalent,1,2018,Yds_Sonbahar,2018_YDS3_Ingilizce.pdf
prevention,1,2018,Yds_Sonbahar,2018_YDS3_Ingilizce.pdf
primary,1,2018,Yds_Sonbahar,2018_YDS3_Ingilizce.pdf
priority,1,2018,Yds_Sonbahar,2018_YDS3_Ingilizce.pdf
probably,1,2018,Yds_Sonbahar,2018_YDS3_Ingilizce.pdf
programming,1,2018,Yds_Sonbahar,2018_YDS3_Ingilizce.pdf
progression,1,2018,Yds_Sonbahar,2018_YDS3_Ingilizce.pdf
prohibiting,1,2018,Yds_Sonbahar,2018_YDS3_Ingilizce.pdf
project,1,2018,Yds_Sonbahar,2018_YDS3_Ingilizce.pdf
promote,1,2018,Yds_Sonbahar,2018_YDS3_Ingilizce.pdf
promotion,1,2018,Yds_Sonbahar,2018_YDS3_Ingilizce.pdf
prone,1,2018,Yds_Sonbahar,2018_YDS3_Ingilizce.pdf
prostate,1,2018,Yds_Sonbahar,2018_YDS3_Ingilizce.pdf
protecting,1,2018,Yds_Sonbahar,2018_YDS3_Ingilizce.pdf
protects,1,2018,Yds_Sonbahar,2018_YDS3_Ingilizce.pdf
proved,1,2018,Yds_Sonbahar,2018_YDS3_Ingilizce.pdf
provides,1,2018,Yds_Sonbahar,2018_YDS3_Ingilizce.pdf
psychiatrist,1,2018,Yds_Sonbahar,2018_YDS3_Ingilizce.pdf
puma,1,2018,Yds_Sonbahar,2018_YDS3_Ingilizce.pdf
putting,1,2018,Yds_Sonbahar,2018_YDS3_Ingilizce.pdf
pythagoras,1,2018,Yds_Sonbahar,2018_YDS3_Ingilizce.pdf
quick,1,2018,Yds_Sonbahar,2018_YDS3_Ingilizce.pdf
quickly,1,2018,Yds_Sonbahar,2018_YDS3_Ingilizce.pdf
quiet,1,2018,Yds_Sonbahar,2018_YDS3_Ingilizce.pdf
quite,1,2018,Yds_Sonbahar,2018_YDS3_Ingilizce.pdf
quotation,1,2018,Yds_Sonbahar,2018_YDS3_Ingilizce.pdf
rabbit,1,2018,Yds_Sonbahar,2018_YDS3_Ingilizce.pdf
radio,1,2018,Yds_Sonbahar,2018_YDS3_Ingilizce.pdf
raised,1,2018,Yds_Sonbahar,2018_YDS3_Ingilizce.pdf
range,1,2018,Yds_Sonbahar,2018_YDS3_Ingilizce.pdf
ranging,1,2018,Yds_Sonbahar,2018_YDS3_Ingilizce.pdf
rapid,1,2018,Yds_Sonbahar,2018_YDS3_Ingilizce.pdf
rare,1,2018,Yds_Sonbahar,2018_YDS3_Ingilizce.pdf
reaction,1,2018,Yds_Sonbahar,2018_YDS3_Ingilizce.pdf
reactive,1,2018,Yds_Sonbahar,2018_YDS3_Ingilizce.pdf
recipe,1,2018,Yds_Sonbahar,2018_YDS3_Ingilizce.pdf
recklessly,1,2018,Yds_Sonbahar,2018_YDS3_Ingilizce.pdf
recognised,1,2018,Yds_Sonbahar,2018_YDS3_Ingilizce.pdf
recreate,1,2018,Yds_Sonbahar,2018_YDS3_Ingilizce.pdf
recreated,1,2018,Yds_Sonbahar,2018_YDS3_Ingilizce.pdf
recycled,1,2018,Yds_Sonbahar,2018_YDS3_Ingilizce.pdf
refers,1,2018,Yds_Sonbahar,2018_YDS3_Ingilizce.pdf
reflect,1,2018,Yds_Sonbahar,2018_YDS3_Ingilizce.pdf
regard,1,2018,Yds_Sonbahar,2018_YDS3_Ingilizce.pdf
regarding,1,2018,Yds_Sonbahar,2018_YDS3_Ingilizce.pdf
regardless,1,2018,Yds_Sonbahar,2018_YDS3_Ingilizce.pdf
region,1,2018,Yds_Sonbahar,2018_YDS3_Ingilizce.pdf
regionalism,1,2018,Yds_Sonbahar,2018_YDS3_Ingilizce.pdf
register,1,2018,Yds_Sonbahar,2018_YDS3_Ingilizce.pdf
regular,1,2018,Yds_Sonbahar,2018_YDS3_Ingilizce.pdf
regulating,1,2018,Yds_Sonbahar,2018_YDS3_Ingilizce.pdf
regulation,1,2018,Yds_Sonbahar,2018_YDS3_Ingilizce.pdf
reject,1,2018,Yds_Sonbahar,2018_YDS3_Ingilizce.pdf
related,1,2018,Yds_Sonbahar,2018_YDS3_Ingilizce.pdf
relational,1,2018,Yds_Sonbahar,2018_YDS3_Ingilizce.pdf
relative,1,2018,Yds_Sonbahar,2018_YDS3_Ingilizce.pdf
reliance,1,2018,Yds_Sonbahar,2018_YDS3_Ingilizce.pdf
relief,1,2018,Yds_Sonbahar,2018_YDS3_Ingilizce.pdf
remained,1,2018,Yds_Sonbahar,2018_YDS3_Ingilizce.pdf
remarkable,1,2018,Yds_Sonbahar,2018_YDS3_Ingilizce.pdf
remarkably,1,2018,Yds_Sonbahar,2018_YDS3_Ingilizce.pdf
remedy,1,2018,Yds_Sonbahar,2018_YDS3_Ingilizce.pdf
remnant,1,2018,Yds_Sonbahar,2018_YDS3_Ingilizce.pdf
renowned,1,2018,Yds_Sonbahar,2018_YDS3_Ingilizce.pdf
rephrased,1,2018,Yds_Sonbahar,2018_YDS3_Ingilizce.pdf
replaced,1,2018,Yds_Sonbahar,2018_YDS3_Ingilizce.pdf
reported,1,2018,Yds_Sonbahar,2018_YDS3_Ingilizce.pdf
repository,1,2018,Yds_Sonbahar,2018_YDS3_Ingilizce.pdf
represent,1,2018,Yds_Sonbahar,2018_YDS3_Ingilizce.pdf
represents,1,2018,Yds_Sonbahar,2018_YDS3_Ingilizce.pdf
reptile,1,2018,Yds_Sonbahar,2018_YDS3_Ingilizce.pdf
requirement,1,2018,Yds_Sonbahar,2018_YDS3_Ingilizce.pdf
reserve,1,2018,Yds_Sonbahar,2018_YDS3_Ingilizce.pdf
resilient,1,2018,Yds_Sonbahar,2018_YDS3_Ingilizce.pdf
resin,1,2018,Yds_Sonbahar,2018_YDS3_Ingilizce.pdf
resourceful,1,2018,Yds_Sonbahar,2018_YDS3_Ingilizce.pdf
respond,1,2018,Yds_Sonbahar,2018_YDS3_Ingilizce.pdf
response,1,2018,Yds_Sonbahar,2018_YDS3_Ingilizce.pdf
restore,1,2018,Yds_Sonbahar,2018_YDS3_Ingilizce.pdf
resulted,1,2018,Yds_Sonbahar,2018_YDS3_Ingilizce.pdf
retain,1,2018,Yds_Sonbahar,2018_YDS3_Ingilizce.pdf
reversed,1,2018,Yds_Sonbahar,2018_YDS3_Ingilizce.pdf
revise,1,2018,Yds_Sonbahar,2018_YDS3_Ingilizce.pdf
revisited,1,2018,Yds_Sonbahar,2018_YDS3_Ingilizce.pdf
revolution,1,2018,Yds_Sonbahar,2018_YDS3_Ingilizce.pdf
rewriting,1,2018,Yds_Sonbahar,2018_YDS3_Ingilizce.pdf
rice,1,2018,Yds_Sonbahar,2018_YDS3_Ingilizce.pdf
rich,1,2018,Yds_Sonbahar,2018_YDS3_Ingilizce.pdf
right,1,2018,Yds_Sonbahar,2018_YDS3_Ingilizce.pdf
ritual,1,2018,Yds_Sonbahar,2018_YDS3_Ingilizce.pdf
role,1,2018,Yds_Sonbahar,2018_YDS3_Ingilizce.pdf
romeo,1,2018,Yds_Sonbahar,2018_YDS3_Ingilizce.pdf
room,1,2018,Yds_Sonbahar,2018_YDS3_Ingilizce.pdf
rousing,1,2018,Yds_Sonbahar,2018_YDS3_Ingilizce.pdf
routine,1,2018,Yds_Sonbahar,2018_YDS3_Ingilizce.pdf
royal,1,2018,Yds_Sonbahar,2018_YDS3_Ingilizce.pdf
rubinstein,1,2018,Yds_Sonbahar,2018_YDS3_Ingilizce.pdf
ruin,1,2018,Yds_Sonbahar,2018_YDS3_Ingilizce.pdf
run,1,2018,Yds_Sonbahar,2018_YDS3_Ingilizce.pdf
rural,1,2018,Yds_Sonbahar,2018_YDS3_Ingilizce.pdf
safe,1,2018,Yds_Sonbahar,2018_YDS3_Ingilizce.pdf
said,1,2018,Yds_Sonbahar,2018_YDS3_Ingilizce.pdf
salt,1,2018,Yds_Sonbahar,2018_YDS3_Ingilizce.pdf
saltwater,1,2018,Yds_Sonbahar,2018_YDS3_Ingilizce.pdf
san,1,2018,Yds_Sonbahar,2018_YDS3_Ingilizce.pdf
sanctuary,1,2018,Yds_Sonbahar,2018_YDS3_Ingilizce.pdf
satisfaction,1,2018,Yds_Sonbahar,2018_YDS3_Ingilizce.pdf
satisfied,1,2018,Yds_Sonbahar,2018_YDS3_Ingilizce.pdf
satisfy,1,2018,Yds_Sonbahar,2018_YDS3_Ingilizce.pdf
saw,1,2018,Yds_Sonbahar,2018_YDS3_Ingilizce.pdf
say,1,2018,Yds_Sonbahar,2018_YDS3_Ingilizce.pdf
scarf,1,2018,Yds_Sonbahar,2018_YDS3_Ingilizce.pdf
scenario,1,2018,Yds_Sonbahar,2018_YDS3_Ingilizce.pdf
scented,1,2018,Yds_Sonbahar,2018_YDS3_Ingilizce.pdf
school,1,2018,Yds_Sonbahar,2018_YDS3_Ingilizce.pdf
science,1,2018,Yds_Sonbahar,2018_YDS3_Ingilizce.pdf
screening,1,2018,Yds_Sonbahar,2018_YDS3_Ingilizce.pdf
sculpture,1,2018,Yds_Sonbahar,2018_YDS3_Ingilizce.pdf
seawater,1,2018,Yds_Sonbahar,2018_YDS3_Ingilizce.pdf
sedentary,1,2018,Yds_Sonbahar,2018_YDS3_Ingilizce.pdf
seeing,1,2018,Yds_Sonbahar,2018_YDS3_Ingilizce.pdf
seminal,1,2018,Yds_Sonbahar,2018_YDS3_Ingilizce.pdf
sens,1,2018,Yds_Sonbahar,2018_YDS3_Ingilizce.pdf
senseless,1,2018,Yds_Sonbahar,2018_YDS3_Ingilizce.pdf
sensitivity,1,2018,Yds_Sonbahar,2018_YDS3_Ingilizce.pdf
series,1,2018,Yds_Sonbahar,2018_YDS3_Ingilizce.pdf
serious,1,2018,Yds_Sonbahar,2018_YDS3_Ingilizce.pdf
settle,1,2018,Yds_Sonbahar,2018_YDS3_Ingilizce.pdf
settled,1,2018,Yds_Sonbahar,2018_YDS3_Ingilizce.pdf
sevenfold,1,2018,Yds_Sonbahar,2018_YDS3_Ingilizce.pdf
shaping,1,2018,Yds_Sonbahar,2018_YDS3_Ingilizce.pdf
share,1,2018,Yds_Sonbahar,2018_YDS3_Ingilizce.pdf
shen,1,2018,Yds_Sonbahar,2018_YDS3_Ingilizce.pdf
shorter,1,2018,Yds_Sonbahar,2018_YDS3_Ingilizce.pdf
showing,1,2018,Yds_Sonbahar,2018_YDS3_Ingilizce.pdf
shown,1,2018,Yds_Sonbahar,2018_YDS3_Ingilizce.pdf
side,1,2018,Yds_Sonbahar,2018_YDS3_Ingilizce.pdf
sight,1,2018,Yds_Sonbahar,2018_YDS3_Ingilizce.pdf
simple,1,2018,Yds_Sonbahar,2018_YDS3_Ingilizce.pdf
simultaneously,1,2018,Yds_Sonbahar,2018_YDS3_Ingilizce.pdf
site,1,2018,Yds_Sonbahar,2018_YDS3_Ingilizce.pdf
sitting,1,2018,Yds_Sonbahar,2018_YDS3_Ingilizce.pdf
slave,1,2018,Yds_Sonbahar,2018_YDS3_Ingilizce.pdf
smaller,1,2018,Yds_Sonbahar,2018_YDS3_Ingilizce.pdf
smell,1,2018,Yds_Sonbahar,2018_YDS3_Ingilizce.pdf
societal,1,2018,Yds_Sonbahar,2018_YDS3_Ingilizce.pdf
software,1,2018,Yds_Sonbahar,2018_YDS3_Ingilizce.pdf
solar,1,2018,Yds_Sonbahar,2018_YDS3_Ingilizce.pdf
sold,1,2018,Yds_Sonbahar,2018_YDS3_Ingilizce.pdf
somehow,1,2018,Yds_Sonbahar,2018_YDS3_Ingilizce.pdf
sometime,1,2018,Yds_Sonbahar,2018_YDS3_Ingilizce.pdf
speak,1,2018,Yds_Sonbahar,2018_YDS3_Ingilizce.pdf
specific,1,2018,Yds_Sonbahar,2018_YDS3_Ingilizce.pdf
specify,1,2018,Yds_Sonbahar,2018_YDS3_Ingilizce.pdf
spirited,1,2018,Yds_Sonbahar,2018_YDS3_Ingilizce.pdf
spiritual,1,2018,Yds_Sonbahar,2018_YDS3_Ingilizce.pdf
spite,1,2018,Yds_Sonbahar,2018_YDS3_Ingilizce.pdf
sponsored,1,2018,Yds_Sonbahar,2018_YDS3_Ingilizce.pdf
spot,1,2018,Yds_Sonbahar,2018_YDS3_Ingilizce.pdf
spring,1,2018,Yds_Sonbahar,2018_YDS3_Ingilizce.pdf
square,1,2018,Yds_Sonbahar,2018_YDS3_Ingilizce.pdf
stand,1,2018,Yds_Sonbahar,2018_YDS3_Ingilizce.pdf
started,1,2018,Yds_Sonbahar,2018_YDS3_Ingilizce.pdf
statistic,1,2018,Yds_Sonbahar,2018_YDS3_Ingilizce.pdf
stay,1,2018,Yds_Sonbahar,2018_YDS3_Ingilizce.pdf
stimulus,1,2018,Yds_Sonbahar,2018_YDS3_Ingilizce.pdf
stolen,1,2018,Yds_Sonbahar,2018_YDS3_Ingilizce.pdf
strand,1,2018,Yds_Sonbahar,2018_YDS3_Ingilizce.pdf
stretched,1,2018,Yds_Sonbahar,2018_YDS3_Ingilizce.pdf
stronger,1,2018,Yds_Sonbahar,2018_YDS3_Ingilizce.pdf
structural,1,2018,Yds_Sonbahar,2018_YDS3_Ingilizce.pdf
style,1,2018,Yds_Sonbahar,2018_YDS3_Ingilizce.pdf
subsistence,1,2018,Yds_Sonbahar,2018_YDS3_Ingilizce.pdf
success,1,2018,Yds_Sonbahar,2018_YDS3_Ingilizce.pdf
suffer,1,2018,Yds_Sonbahar,2018_YDS3_Ingilizce.pdf
suitable,1,2018,Yds_Sonbahar,2018_YDS3_Ingilizce.pdf
suite,1,2018,Yds_Sonbahar,2018_YDS3_Ingilizce.pdf
sunlight,1,2018,Yds_Sonbahar,2018_YDS3_Ingilizce.pdf
superb,1,2018,Yds_Sonbahar,2018_YDS3_Ingilizce.pdf
supermarket,1,2018,Yds_Sonbahar,2018_YDS3_Ingilizce.pdf
supply,1,2018,Yds_Sonbahar,2018_YDS3_Ingilizce.pdf
suppose,1,2018,Yds_Sonbahar,2018_YDS3_Ingilizce.pdf
supposedly,1,2018,Yds_Sonbahar,2018_YDS3_Ingilizce.pdf
surround,1,2018,Yds_Sonbahar,2018_YDS3_Ingilizce.pdf
survival,1,2018,Yds_Sonbahar,2018_YDS3_Ingilizce.pdf
sustained,1,2018,Yds_Sonbahar,2018_YDS3_Ingilizce.pdf
sustenance,1,2018,Yds_Sonbahar,2018_YDS3_Ingilizce.pdf
swayed,1,2018,Yds_Sonbahar,2018_YDS3_Ingilizce.pdf
sword,1,2018,Yds_Sonbahar,2018_YDS3_Ingilizce.pdf
symbol,1,2018,Yds_Sonbahar,2018_YDS3_Ingilizce.pdf
symphonic,1,2018,Yds_Sonbahar,2018_YDS3_Ingilizce.pdf
tackling,1,2018,Yds_Sonbahar,2018_YDS3_Ingilizce.pdf
task,1,2018,Yds_Sonbahar,2018_YDS3_Ingilizce.pdf
taste,1,2018,Yds_Sonbahar,2018_YDS3_Ingilizce.pdf
tax,1,2018,Yds_Sonbahar,2018_YDS3_Ingilizce.pdf
taxing,1,2018,Yds_Sonbahar,2018_YDS3_Ingilizce.pdf
team,1,2018,Yds_Sonbahar,2018_YDS3_Ingilizce.pdf
technical,1,2018,Yds_Sonbahar,2018_YDS3_Ingilizce.pdf
technologically,1,2018,Yds_Sonbahar,2018_YDS3_Ingilizce.pdf
teenager,1,2018,Yds_Sonbahar,2018_YDS3_Ingilizce.pdf
temporarily,1,2018,Yds_Sonbahar,2018_YDS3_Ingilizce.pdf
tends,1,2018,Yds_Sonbahar,2018_YDS3_Ingilizce.pdf
termination,1,2018,Yds_Sonbahar,2018_YDS3_Ingilizce.pdf
terrestrial,1,2018,Yds_Sonbahar,2018_YDS3_Ingilizce.pdf
terrific,1,2018,Yds_Sonbahar,2018_YDS3_Ingilizce.pdf
terrifying,1,2018,Yds_Sonbahar,2018_YDS3_Ingilizce.pdf
territory,1,2018,Yds_Sonbahar,2018_YDS3_Ingilizce.pdf
therapeutic,1,2018,Yds_Sonbahar,2018_YDS3_Ingilizce.pdf
thinking,1,2018,Yds_Sonbahar,2018_YDS3_Ingilizce.pdf
thirty,1,2018,Yds_Sonbahar,2018_YDS3_Ingilizce.pdf
thomas,1,2018,Yds_Sonbahar,2018_YDS3_Ingilizce.pdf
threatening,1,2018,Yds_Sonbahar,2018_YDS3_Ingilizce.pdf
thrilled,1,2018,Yds_Sonbahar,2018_YDS3_Ingilizce.pdf
tie,1,2018,Yds_Sonbahar,2018_YDS3_Ingilizce.pdf
tigris,1,2018,Yds_Sonbahar,2018_YDS3_Ingilizce.pdf
timber,1,2018,Yds_Sonbahar,2018_YDS3_Ingilizce.pdf
title,1,2018,Yds_Sonbahar,2018_YDS3_Ingilizce.pdf
told,1,2018,Yds_Sonbahar,2018_YDS3_Ingilizce.pdf
tolerance,1,2018,Yds_Sonbahar,2018_YDS3_Ingilizce.pdf
tomb,1,2018,Yds_Sonbahar,2018_YDS3_Ingilizce.pdf
tomorrow,1,2018,Yds_Sonbahar,2018_YDS3_Ingilizce.pdf
tortoise,1,2018,Yds_Sonbahar,2018_YDS3_Ingilizce.pdf
total,1,2018,Yds_Sonbahar,2018_YDS3_Ingilizce.pdf
touch,1,2018,Yds_Sonbahar,2018_YDS3_Ingilizce.pdf
towards,1,2018,Yds_Sonbahar,2018_YDS3_Ingilizce.pdf
trait,1,2018,Yds_Sonbahar,2018_YDS3_Ingilizce.pdf
transfer,1,2018,Yds_Sonbahar,2018_YDS3_Ingilizce.pdf
transformation,1,2018,Yds_Sonbahar,2018_YDS3_Ingilizce.pdf
trigger,1,2018,Yds_Sonbahar,2018_YDS3_Ingilizce.pdf
triggered,1,2018,Yds_Sonbahar,2018_YDS3_Ingilizce.pdf
truly,1,2018,Yds_Sonbahar,2018_YDS3_Ingilizce.pdf
truth,1,2018,Yds_Sonbahar,2018_YDS3_Ingilizce.pdf
typically,1,2018,Yds_Sonbahar,2018_YDS3_Ingilizce.pdf
unable,1,2018,Yds_Sonbahar,2018_YDS3_Ingilizce.pdf
unaffected,1,2018,Yds_Sonbahar,2018_YDS3_Ingilizce.pdf
unaware,1,2018,Yds_Sonbahar,2018_YDS3_Ingilizce.pdf
uncle,1,2018,Yds_Sonbahar,2018_YDS3_Ingilizce.pdf
underlying,1,2018,Yds_Sonbahar,2018_YDS3_Ingilizce.pdf
unhealthy,1,2018,Yds_Sonbahar,2018_YDS3_Ingilizce.pdf
united,1,2018,Yds_Sonbahar,2018_YDS3_Ingilizce.pdf
university,1,2018,Yds_Sonbahar,2018_YDS3_Ingilizce.pdf
unpredictable,1,2018,Yds_Sonbahar,2018_YDS3_Ingilizce.pdf
unremarkable,1,2018,Yds_Sonbahar,2018_YDS3_Ingilizce.pdf
untouched,1,2018,Yds_Sonbahar,2018_YDS3_Ingilizce.pdf
upcoming,1,2018,Yds_Sonbahar,2018_YDS3_Ingilizce.pdf
upon,1,2018,Yds_Sonbahar,2018_YDS3_Ingilizce.pdf
urban,1,2018,Yds_Sonbahar,2018_YDS3_Ingilizce.pdf
urgent,1,2018,Yds_Sonbahar,2018_YDS3_Ingilizce.pdf
useful,1,2018,Yds_Sonbahar,2018_YDS3_Ingilizce.pdf
using,1,2018,Yds_Sonbahar,2018_YDS3_Ingilizce.pdf
utilise,1,2018,Yds_Sonbahar,2018_YDS3_Ingilizce.pdf
utilised,1,2018,Yds_Sonbahar,2018_YDS3_Ingilizce.pdf
valued,1,2018,Yds_Sonbahar,2018_YDS3_Ingilizce.pdf
vanish,1,2018,Yds_Sonbahar,2018_YDS3_Ingilizce.pdf
vaporise,1,2018,Yds_Sonbahar,2018_YDS3_Ingilizce.pdf
varied,1,2018,Yds_Sonbahar,2018_YDS3_Ingilizce.pdf
vast,1,2018,Yds_Sonbahar,2018_YDS3_Ingilizce.pdf
vegetation,1,2018,Yds_Sonbahar,2018_YDS3_Ingilizce.pdf
veggie,1,2018,Yds_Sonbahar,2018_YDS3_Ingilizce.pdf
verbal,1,2018,Yds_Sonbahar,2018_YDS3_Ingilizce.pdf
via,1,2018,Yds_Sonbahar,2018_YDS3_Ingilizce.pdf
viable,1,2018,Yds_Sonbahar,2018_YDS3_Ingilizce.pdf
victorious,1,2018,Yds_Sonbahar,2018_YDS3_Ingilizce.pdf
virtually,1,2018,Yds_Sonbahar,2018_YDS3_Ingilizce.pdf
virtue,1,2018,Yds_Sonbahar,2018_YDS3_Ingilizce.pdf
vision,1,2018,Yds_Sonbahar,2018_YDS3_Ingilizce.pdf
visited,1,2018,Yds_Sonbahar,2018_YDS3_Ingilizce.pdf
visual,1,2018,Yds_Sonbahar,2018_YDS3_Ingilizce.pdf
vulnerable,1,2018,Yds_Sonbahar,2018_YDS3_Ingilizce.pdf
walking,1,2018,Yds_Sonbahar,2018_YDS3_Ingilizce.pdf
wandered,1,2018,Yds_Sonbahar,2018_YDS3_Ingilizce.pdf
warm,1,2018,Yds_Sonbahar,2018_YDS3_Ingilizce.pdf
warmest,1,2018,Yds_Sonbahar,2018_YDS3_Ingilizce.pdf
waste,1,2018,Yds_Sonbahar,2018_YDS3_Ingilizce.pdf
wasteful,1,2018,Yds_Sonbahar,2018_YDS3_Ingilizce.pdf
watershed,1,2018,Yds_Sonbahar,2018_YDS3_Ingilizce.pdf
weak,1,2018,Yds_Sonbahar,2018_YDS3_Ingilizce.pdf
weaken,1,2018,Yds_Sonbahar,2018_YDS3_Ingilizce.pdf
weight,1,2018,Yds_Sonbahar,2018_YDS3_Ingilizce.pdf
weird,1,2018,Yds_Sonbahar,2018_YDS3_Ingilizce.pdf
went,1,2018,Yds_Sonbahar,2018_YDS3_Ingilizce.pdf
westerner,1,2018,Yds_Sonbahar,2018_YDS3_Ingilizce.pdf
wheat,1,2018,Yds_Sonbahar,2018_YDS3_Ingilizce.pdf
wide,1,2018,Yds_Sonbahar,2018_YDS3_Ingilizce.pdf
wife,1,2018,Yds_Sonbahar,2018_YDS3_Ingilizce.pdf
wilderness,1,2018,Yds_Sonbahar,2018_YDS3_Ingilizce.pdf
wish,1,2018,Yds_Sonbahar,2018_YDS3_Ingilizce.pdf
wonder,1,2018,Yds_Sonbahar,2018_YDS3_Ingilizce.pdf
wonderful,1,2018,Yds_Sonbahar,2018_YDS3_Ingilizce.pdf
wore,1,2018,Yds_Sonbahar,2018_YDS3_Ingilizce.pdf
worked,1,2018,Yds_Sonbahar,2018_YDS3_Ingilizce.pdf
worn,1,2018,Yds_Sonbahar,2018_YDS3_Ingilizce.pdf
worse,1,2018,Yds_Sonbahar,2018_YDS3_Ingilizce.pdf
wrapped,1,2018,Yds_Sonbahar,2018_YDS3_Ingilizce.pdf
writing,1,2018,Yds_Sonbahar,2018_YDS3_Ingilizce.pdf
yok,1,2018,Yds_Sonbahar,2018_YDS3_Ingilizce.pdf
younger,1,2018,Yds_Sonbahar,2018_YDS3_Ingilizce.pdf
zaman,1,2018,Yds_Sonbahar,2018_YDS3_Ingilizce.pdf
